,.,E37E,
,*,E390,
,Aaron,EB0D,"man: eye,see: day,sun"
,Abaddon,ECD7,"Man: kill,destroy,destruction: knife,cut: very: person"
,Abel,EA96,man: good
,Abel_Mizraim,EFA9,"Sad,grieve: face: village: many,much: neighbor: house: near"
,Abiathar,E35F,"man: hand: grain,wheat: harvest"
,Abida,EEF8,"Man: more: up: many,much: know,knowledge"
,abide,E17B,"house: life,live,alive: good: heart"
,Abijah,EA5B,"man: king,crown,ruler,lord: love"
,Abilene,EC4D,"grass: land,ground,earth"
,ability,E124,"big: knife,cut"
,Abimael,E0FB,Man: no: king: love 
,Abimelech,E0AB,Man: no: lead; forward: person
,Abiud,EA6A,"man: person: mouth,said,speak: good: praise,worship"
,abomination,E0A4,"enmity,hate: love,compassion: no,not: thing"
,about,E11B,thing
,above,E110,up: thing
,Abraham,E373,"man: many: man: love,compassion"
,Abram,E1D1,Man: man: love
,Abyss,EC4E,"no,not: end,finish: land,ground,earth"
,according_to,E24D,"same,equal: mouth,said,speak"
,accuse,E055,"mouth,said,speak: no,not: good"
,Achaia,EB7C,"pain,hurt: knife,cut: land,ground,earth"
,Achaicus,ECA5,Man: cross: people: person
,Achim,EA6E,"man: know,knowledge: write,pen"
,Adah,EDA7,Woman: good: face
,Adam,EC4F,"man: soil,dirt,ground_soil: land,ground"
,Adbeel,E0FE,Man: no: cry
,Addi,EC50,"man: mouth,speak,said: me,i"
,Admah,EDA8,"Red: blood: hand: wet,water: color: village: many,much: neighbor; house: near"
,Admin,EC51,"man: arise,ascend"
,adopt,E177,"house: love,compassion: small,few"
,adoption,E177,"house: love,compassion: small,few"
,Adramyttium,EB93,walk: very : village: many: neighbor: house: near
,Adriatic_Sea,EC17,"ocean,sea: big: wet,water: no,not: plant,tree,wood"
,Adullam,EFAA,"Parable,story,report,message,news: book,read,learn: mouth,said,speak,confession: village: many,much: neighbor: house: near"
,adultery,E027,"love,compassion: no,not: good: eye,see"
,Aeneas,EC2A,"man: good: crooked: no,not: straight"
,Aenon,EBA1,"man: wet,water: go,travel,journey"
,afraid,E056,"mouth,said,speak: heart"
,after,E11D,"thing: to,forward"
,Agabus,EB89,man: insect
,against,E330,forward: backward
,Agrippa,EB9D,"man: pain,hurt: knife,cut: heart"
,Ahaz,EA61,"man: hand: not,no: good"
,Ahuzzath,EDA9,man: thing
,Ai,EDAA,"kill,destroy,destruction: knife,cut: person: village: many,much: neighbor: house: near"
,Aiah,E0FD,Man: small: rooster: bird: sun
,air,E312,
,Akan,EFE5,"Man: turn,change"
,Akbor,E0ED,Man: small: war
,Akkad,EDAB,"Chain,bound,imprisoned,arrest: village: many,much: neighbor: house: near"
,alabaster,E0D4,"money,wealth,wealthy: no,not: soft: thing"
,Alexander,EA14,man: shield: person
,Alexandria,EB5A,"save,rescue: very: help: people;straight: village: many: neighbor: house: near"
,alive,E09F,good: heart
,all,E251,
,Allon_Bakuth,EFAB," Cry: sad,grieve: face: tree,plant,wood"
,allow,E04A,"mouth,said,speak: crown,ruler,king,lord"
,Almodad,EDAC,Man: immeasurable: no: measure
,alone,E223,very : one
,Alphaeus,EC24,"man: work,do"
,altar,EA3C,"table: gift: hand: love,compassion"
,Alvah,EFE6,"Man: lust: bad: no,not: good: eye"
,Alvan,EFE8,Man: very: lust: bad: no: good: eye
,always,E252,"all,whole: time,when"
,Amalek_man,EFE9,Man: war: tongue: mouth: fabric
,amazed,E14A,"big: praise: mouth,said,speak: good"
,amazing,E14A,"big : praise: mouth.said,speak: good"
,ambassador,EBFD,"Eye,see: person: mouth,said speak,confession"
,amen,E100,"good: all,whole"
,Amittai,E1CF,Man: bird: love
,Amminadab,EA51,man: free: no: chain 
,Ammon,EDAE,"big: people: ground,earth,land"
,Amon,EA64,"man: quiet: no,not: mouth: hear,ear"
,Amorites,EDAF,people: mountain
,Amos,EC47,"man: make,create: hand: person"
,Amphipolis,EB2E,"ocean,sea: big: wet,water: village: many: neighbor: house: near"
,Ampliatus,EBB9,man: very: big
,Amraphel,EDB1,Man: mute: mouth: no
,Anah,E0BA,Man: many: no: knife
,Anam,EDB2,"Man: knife,cut: wet,water"
,Ananias,EB65,"man: crown,ruler,king,lord: happy,joy"
,ancestor,EC80,"very: backward: time,when: man: love,compassion"
,and,E11C,thing
,Andrew,E357,man: man
,Andronicus,EBBA,man: very: good
,Aner,EDB3,"Man: two: wet,water"
,angel,E0A7,"good: spirit: no,not: person"
,anger,E204,
,angry,E204,
,animal,E102,
,Anna,EB02,"woman: no,not: cut,knife"
,Annas,EB63,"man: no,not: kill,destroy: knife,cut: person"
,anointed,E033,"crown,ruler,king,lord: mouth,said,speak: near: person"
,another,EBF2,"Person: after: thing: forward,to"
,Antichrist,ED0E,"Lie,deceive,deception,lead_astray,false: bad: no,not: good: cross: measure"
,Antioch,EB58,"against: backward: to,forward: village: many: neighbor: house: near"
,Antipas,EC01,"Man: dead,death,die: no,not: heart: very: believe,faith: know,knowledge: cross"
,Antipatris,EB9A,"man: against: backward: forward,to: family: house: love,compassion"
,Apelles,EBBB,"man: split,divide,division,separate"
,Apollonia,EB30,Kill: knife: person: village: many: neighbor: house: near
,Apollos,EB3E,"man: kill,destroy: knife,cut: person"
,apostle,EBEF,"person: follow: people: to,forward"
,appear,E162,"sun,day: eye,see"
,Apphia,ECF1,"Woman: drink,cup: fruit"
,appointed,E041,"mouth,said,speak: near : person"
,Appolyon,ECD7,"Man: kill,destroy,destruction: knife,cut: very: person"
,Aquila,EB17,"man: eat,food,meal: mouth,said,speak: thing"
,Arabia,EB77,"land,ground,earth: desert,wilderness: no,not: plant,tree,wood"
,Aram,E342,Man: big
,Aram_man,EDB4,Man: big
,Aram_Naharaim,EB72,River: land
,Aran,E0FA,Man: small: goat: sheep: soft: bone
,Ararat,EDB5,"Accuse: mouth,said,speak,confession: bad; no,not; good: mountain"
,Archippus,ECE7,Man: good: horse
,Ard,E0FF,Man: many; child: small: person
,Areli,EFAC,"Man: beast: animal: bad: no,not: good"
,Areopagus,EC35,"council: body: lead,leader: to,forward: person: hill: small,few: mountain"
,Aretas,ECA6,"Man: big: war,fight,battle"
,argument,E057,"mouth,said,speak: wild: no,not: peace: rest,sleep,lie_down: love,compassion"
,Arimathea,E34D,"cross: house: not,no: heart: land,ground,earth"
,Arioch,EDB6,Man: lion: hair: face: animal
,arise,E322,Up: straight
,Aristarchus,EC10,"man: good: crown,ruler,king,lord"
,Aristobulus,EBBC,"man: equal,same: mouth,said,speak"
,Arkites,EDB7,Run: walk: very: people
,arm,E14E,big
,armor,EBBD,metal: body: person
,army,E148,"soldier: person: war,fight,battle: many"
,Arni,EC52,"man: good: happy,joy"
,Arodi,E168,Man: very: donkey: small: horse
,around,E31B,
,Arphaxad,EC53,"man: no,not: hand"
,arrest,E25F,
,arrow,ECBF,"Throw: knife,cut"
,Artemas,EC34,"man: very: all,whole"
,Arvad,EDB8,"Fast_speed: very: to,forward: ground,land,earth"
,Asa,EA5C,"man: hand: happy,joy: heart"
,ascend,E322,Up: straight
,Asenath,EFAD,"woman: heart: bad: no,not: good"
,ash,EA90,"no,not: good: air"
,ashamed,E05F,"no,not: mouth: heart"
,Ashbel,EFAE,Man: eat: mouth: thing: fire
,Asher,EBDE,"Man: happy,joy: face"
,Ashhur,EBDD,Man: happy: face: land
,Ashkenaz,EDB9,"Man: cold: no,not: fire,heat,hot"
,Ashteroth_Karnaim,EDBA,"Cow: land,earth,ground"
,Ashur_land,E0EF,
,Ashur_man,EDBB,
,Asia,EB6F,"direction: land,ground,earth"
,ask,E061,"Mouth,said,speak,confession: ?"
,Asshurites,E1EF,Many: war: people
,Assos,EB20,near: village: many: neighbor: house
,assurance,E070,"know,knowledge: know,knowledge"
,Assyria,EDBC,"Up: grow: ground,land,earth"
,Asyncritius,EBBE,"man: go,travel,journey"
,Atad,EFAF,"Horn: bone: head: face; village: many,much: neighbor: house: near,"
,Athens,EB07,"ignorant,ignorance: village: many: neighbor: house: near"
ë,Attalia,EB,"time,when: village: many: neighbor: house: near"
,attendant,E150,person: straight: people
,author,E12C,"person: write,pen"
,authority,E034,"crown,ruler,king,lord: mouth,said,speak"
,avenge,ED0C,"Backward: Hand: equal,same"
,Avith,EFEA,"Man: small,few: old: no,not: new"
,awake,EC54,"end,finish: rest,sleep,lie_down"
,away,E11E,thing
,Azor,EA6C,"man: person: help: attendant,helper: straight: people"
,Azotus,EB7E,"praise,worship: mouth,said,speak: good: plant,tree,wood: village: many: neighbor: house: near"
,Baal,EBBF,"have: hand: .: silence,quiet: mouth,said,speak: no,not: thing"
,Baal_Hanan,E169,Man: very: no: knife
,Babel,EA67,Ignorant: know: no: land
,baby,E0A6,"very: small,few: person"
,Babylon,EA67,"no: knowledge,know: land,ground,earth: ignorant,ignorance,confuse"
,backward,E325,
,bad,E17D,"no,not: good"
,bag,E26F,soft: box
,Balaam,ECA1,"Man: prophesy: to,forward: small,few: horse"
,Balak,EBFF,"Man: bad: no,not: good: king,ruler,crown,lord,master"
,bank,EC55,"house: money,wealth,wealthy: hand"
,baptism,E24A,"wet,water: person"
Sy: ,baptize,E24A,"wet,water: person"
,Barabbas,E36D,"man: kill,destroy: knife,cut: person"
,Barachiah,EA97,"man: happy,joy: many"
,Barak,ED02,Man: storm
,Barnabas,EC2F,"man: free,freedom: heart"
,Barsabbas,EB69,"man: wet,water"
,Bartholomew,E362,"man: up: water,wet"
,Bartimaeus,E36B,"man: no,not: see,eye: blind"
,Basemath,EDBD,"Woman: fragrant,perfume: good: nose"
,basket,E19F,"small,few: net"
,battle,E283,
,bear,ECEF,Shield: animal
,bear_with,E227,"very: with: equal,same: people"
,beast,E103,"animal: no,not: good"
,beat,E0E4,"hand: hurt,pain: knife,cut: heart"
,beautiful,EA4A,"good: eye,see"
,beauty,EA4A,"good: eye,see"
,because,E066,"know,knowledge: ?"
,beckon,E040,"mouth,said,speak: near"
,become_person,E83A,"change,turn: person"
,become_thing,E839,"change,turn: thing"
,bed,E122,"rest,sleep,lie_down: straight"
,Bedad,E1EE,Man: same: part
,Beelzebul,E335,"big: no,not: good: spirit: person: satan"
,Beer_Lahai_Roi,EEF9,"Eye,see: well: water,wet: hole"
,Beeri,EDBE,Man: hole
,Beersheba,EDBF,"Promise: mouth,said,speak,confession: work,do: village: many,much: neighbor: house: near"
,before,E107,backward: thing
,beg,E21E,"very: mouth,said,speak: love,compassion: heart"
,beginning,E231,
,behind,E116,thing: thing
,Beker,EFB1,Man: camel
,Bela_man,E1ED,Man: king: near
,Bela_village,EDC1,Eat: mouth: thing: village: many: neighbor: house: near
,believe,E06F,"know,knowledge: cross"
,Believer,EB90,"follow: people: to,forward: crown,ruler,king,lord: cross"
,belt,E29D,
,Ben_Ammi,EDC2,Man: big: people
,Ben_oni,E1A4,OT: man: man
,Benjamin,EB4B,man: hand
,Beor,EDA3,Man: very: fire
,Bera,EDC3,"Man: bad: no,not: good"
,Berea,EB13,"no,not: walk: village: many: neighbor: house: near"
,Bered_city,E2D0,Hail_storm: cloud: soft: thing: hard: soft: no: village: many: neighbor: house: near
,Bered_man,EFB2,Man: hail_storm: cloud: soft: thing: hard: soft: no
,Beriah,EFB3,"Man: heart: bad: no,not: good"
,Bernice,EB9E,"woman: prevail,triumph,victory: crown,ruler,king,lord: war,fight,battle"
,beside,E117,thing: .
,best,E21F,very : good
,Bethany,E349,"house: hurt,pain: knife,cut: heart: village: many: neighbor,near,house"
,Bethel,EDC4,Village: many: neighborhood: house: near
,Bethesda,EBA0,"love,compassion: person: small: wet,water"
,Bethlehem,EA45,"born,birth: land ,ground,earth: beginning,start: person"
,Bethphage,E348,right: village: many: neighbor: house: near
,Bethsaida,E340,"harvest: hand: grain,wheat: village: many: neighbor,house,near"
,Bethuel_city,E1E0,OT: man: clean: water: good: village: many: neighbor: house: near
,Bethuel_man,E1A0,OT: man: clean: water: good
,betray,E195,"no,not: love,compassion: good: measure"
,betrayal,E195,"no,not: love,compassion: good: measure"
,better,E09E,good: many
,between,E118,thing: stick
,Bible,E22C,"book,read,learn: cross"
,big,E120,
,Bilhah,EEFA,"Woman: strong: hand: ability,can.power: big: knife,cut"
,Bilhan,EFEB,"Man: humility,humble: small,few: mouth,said,speak,confession: I,me"
,bird,E25C,
,Birsha,EDC5,"Man: bad: no,not: good: forward,to"
,birth,E235,"beginning,start: person"
,Bithynia,EB48,"break: knife,cut: all,whole: land,ground,earth"
,bitter,ECD2,"Bad: no,not: good: tongue: mouth,said,speak,confession: fabric,clothing"
,black,EB86,"color: moon,night"
,blaspheme,E05B,"Mouth,said,speak,confessiom: bad: no,not: good: king,crown,ruler,lord,master: man: love,compassion"
,blasphemy,E05B,"mouth,said,speak: no,not: good: crown,ruler,king,lord: man: love,compassion"
,Blastus,EB8D,"man: small,few: plant,tree,wood"
,blemish,ED01,
,bless,E05C,"mouth,said,speak: gift: hand: love,compassion"
,blessed,EA21,"happy,joy: many"
,blessing,E05C,"mouth,said,speak: gift: hand: love,compassion"
,blind,E192,"no,not: eye,see"
,blood,E087,"hand: wet,water"
,blue,ECDA,"River,stream: color"
,boast,E14B,"big: mouth,said,speak: me,i"
,boat,E265,
,Boaz,EA54,"man: very: forward,to"
,body,E143,person
,bone,E0B2,
,book,E22A,
,born,E235,"beginning,start: person"
,bottom,E119,thing
,bound,E25F,
,bow,E210,face: down
,bow_arrow,ECC8,"String: war,battle,fight"
,bowl,E384,
,box,E29E,
,boy,E001,"small,few: man"
,boys,E002,"small,few: man"
,Bozrah,EFEC,"Sheep: soft: keep: very: have: hand: village: many,much: neighbor: house: near,close"
,branch,E246,"tree,plant,wood"
,brave,E196,"afraid,fear: no,not: mouth,said,speak: heart"
,bread,E05D,"mouth,said,speak: grain,wheat"
,break,E0E1,"knife,cut: whole,all"
,breastplate,ECD5,Shield: body: person
,breath,ECEE,"Mouth,said,speak,confession: air"
,breathe,ECEE,"mouth,said,speak: air"
,bribe,EBDB,"Bad: no,not: good: to,forward: money,wealth,wealthy"
,brick,EEFB,"Make,create: hand: person: rock: hard: soft: no,not: thing"
,bride,E015,"woman: start,beginning: love,compassion"
,bright,E21B,"very: sun,day"
,bring,E088,hand: thing
,bronze,EB2C,soft: metal
,brother,E006,"man: small,few: love,compassion"
,brothers,E007,"man: small,few: love,compassion"
,build,E17A,house: make: hand: person
,building,E0A1,
,burden,EC86,hand: big: measure: person
,burn,ECD0,"Kill,destroy,destruction: knife,cut: person: fire,hot,heat"
,burnt,ECD0,"Kill,destroy,destruction: knife,cut: person: fire,hot,heat"
,bury,E0D7,"straight: death,dead,die: no,not: heart"
,but,E11A,"thing: fabric,clothing"
,buy,E32A,"to,forward: money,wealth,wealthy"
,Buz,E1A5,Man: least: very: small: know
,Caesar,E370,"man: big: ruler,king,crown,lord"
,Caesarea,E346,"person: crown,ruler,king,lord: land,ground,earth"
,Caiaphas,EA77,"man: murderer: cross: knife,cut: person: kill,destroy"
,Cain,EC56,Man: have: hand
,Cainan,EC56,man: have: hand: .
,Calah,EDC6,"Old: no,not: new: village: many,much: neighbor: house: near,close"
,call,E040,"mouth,said,speak: near"
,camel,E29F,
,can,E124,"big: knife,cut"
,Cana,EBA2,reed: big: grass: village: many: neighbor: house: near
,Canaan_land,E33D,"promise: mouth,said,speak: work,do: land,ground,earth"
,Canaan_man,EDC7,Man: promise: mouth: work
,Candace,EB85,"woman: crown,ruler,king,lord"
,Capernaum,E33A,soft: village: many: neighbor: house: near
,Caphtorites,EDC8,Fruit: people
,Cappadocia,EB74,"horse: land,ground,earth"
,careful,E19E,"small,few: heart"
,carpenter,E14F,"person: hand: thing: tree,plant,wood"
,Carpus,ECAD,"Man: Big: fabric,clothing"
,carry,E088,hand: thing
,case,EC87,"justice: to,forward: hand: equal,same: land,ground,earth: church,temple"
,catch,E115,thing: net
,Cauda,EC36,"no,not: walk: island: wet,water: land,ground,earth"
,cave,EDA6,Hole: mountain
,Cenchrea,EB3D,"small,few: village: many: neighbor: house: near"
,census,E0B8,"person: book,read,learn: number"
,centurion,EB7A,"lead,leader: to,forward: person: war,fight,battle"
,Cephas,E356,"Man: hear,ear"
,ceremony,EC88,"part,some: believe,faith: know,knowledge: cross: time,when"
,chain,E25F,
,chair,E298,
,Chaldea,EB0E,"river,stream: land,ground,earth"
,change,E31E,
,chapter,E230,"book,read,learn: part"
,chariot,EC82,"horse: chair,sit"
,child,E200,"small,few: person"
,children,E201,"small,few: people"
,Chios,EB22,"island: wet,water: land,ground,earth: cold: no,not: fire,heat,hot"
,Chloe,EBE2,"woman: grain,wheat"
,choose,E021,"love,compassion: or"
,Chorazin,EA8F,"not,no: good: hot,fire,heat: village: many: neighbor,house,near"
,Christ,E334,"very: king,ruler,crown,lord: anointed: mouth,said,speak: near: person"
,Christian,EB90,"follow: people: to,forward: crown,ruler.king,lord: cross"
,church,EBFC,cross: building
,Chuza,EC57,"man: small,few: mouth,speak,said"
,Cilicia,EB5B,"hair: face: fabric,clothing: land,ground,earth"
,circumcise,E250,"knife,cut: flesh: soft: person"
,circumcision,E250,"knife,cut: flesh: soft: person"
,citizen,EB98,"person: very: land,ground,earth"
,Clauda,EC36,"no,not: walk: island: wet,water: land,ground,earth"
,Claudia,ECAE,"Woman: no,not: walk"
,Claudius,EB8A,"man: no,not: walk"
,clay,EBEC,"Water,wet: soil,dirt: land,ground,earth"
,clean,E248,"wet,water: good"
,Clement,ECE3,"Man: good: spirit: no,not: person"
,Cleopas,EC58,"man: all,whole: know,knowledge"
,cloak,EA76,"big: fabric,clothing"
,Clopas,EBB5,man: near: cross
,close,E300,
,closed,E23F,
,clothe,E147,"fabric,clothing: person"
,clothing,E253,
,cloud,E26E,soft: thing
,Cnidus,EC14,thorn: village: many: neighbor: house: near
,cohort,E148,"person: war,fight,battle: many"
,cold,E0F2,"no,not: fire,heat,hot"
,color,E284,
,Colossae,ECE8,"Animal: bad: no,not: good: village: many,much: neighbor: house: near,close"
,come,E25A,walk: near
,come_out,E243,"door: to,forward"
,comfort,EA3B,"love,compassion: person"
,command,E058,"mouth,said,speak: !"
,commandment,E22F,"Book,learn,read: allow,permit,permission: mouth,said,speak: crown,ruler,king,lord,master"
,compassion,E01A,
,complete,ECEC,"Very: all,whole"
,concubine,EEFC,"Love,compassion: chain,imprisoned,bound,arrest: woman"
,condemn,EA7F,"mouth,said,speak: know,knowledge: no,not"
,condemnation,EA7F,"mouth,said,speak: know,knowledge: no,not"
,confession,E03F,
,confidence,E070,"know,knowledge: know,knowledge"
,confuse,EB08,"no,not: understand,understanding: know,knowledge: very"
,continue,E049,Thing
,control,E332,tie: down
,convert,E83A,"change,turn: person"
,Corinth,EA59,"full: cup,drink: village: many: neighbor: house: near"
,Cornelius,EB81,"man: sun,day"
,corner,EB83,"fabric,clothing"
,cornerstone,E21C,"very: hard: soft: no,not: thing"
,correct,E09A,good
,Cosam,EC59,man: many
,couch,EB5F,"big: chair,sit"
,council,E0F7,body: person
,counted,EBC0,very: measure
,country,E0A2,"big: land,ground,earth"
,countrymen,E157,"person: friend: love,compassion: land,ground,earth"
,countryside,EB96,"big: field,farm: grain,wheat: land,ground,earth"
,courage,E196,"no,not: afraid,fear: mouth,said,speak: heart"
,courtyard,E0F6,"land,ground,earth: church,temple"
,covenant,E21D,"mouth,said,speak: promise: very: work,do"
,cover,E39A,straight: thing
,covet,E022,"desire,like,want: heart: love,compassion: you: thing"
,cow,EB36,
,create,E076,hand: person
,creation,EBC3,"person: thing: all,whole"
,Creator,EC22,"god: crown,ruler,king,lord: man: house: make,create: hand: person: love,compassion"
,credit,EBC0,very: measure
,Crescan,ECAF,"Man: up: land,ground,earth"
,Crete,EC8D,"flesh: soft: person: island: wet,water: land,ground,earth"
,Crispus,EB3A,"man: crooked: no,not: straight"
,criticize,E055,"Mouth,said,speak,confession: bad: no,not: good"
,crooked,EB39,"no,not: straight"
,cross,E038,
,crowd,E128,people
,crown,EDA4,Thing: king
,crucify,E03C,"kill,destroy: knife,cut: person: cross"
,crush,E146,person: thing
,cry,E20C,"sad,grieve: wet,water"
,cup,E274,
,curse,E05A,"mouth,said,speak: no,not: good: fire,heat,hot"
,curtain,E254,"fabric,clothing: window"
,Cush,EDCA,"all,whole: night,moon: land,ground,earth"
,Cush_land,E1E2,Man: all: moon: land
,Cush_man,EDCA,"Man: all,whole: moon,night"
,cushion,E26C,soft: face
,custom,EB10,"whole,all: work,do"
,cut,E24E,
,cymbal,EBE3,"hand: sound,noise: ear,hear: thing"
,cypress,EDCB,
,Cyprus,EB88,"good: island: wet,water: land,ground.earth: plant,tree,wood"
,Cyrene,EB59,"Horse: knot,tie: land,ground,earth"
,Dalmanutha,E344,"shout: big: mouth,said,speak: land,ground,earth"
,Dalmatia,ECB1,"Lie,deceive.deception,false,lead_astray: bad: no,not: good: measure: village: many,much: neighbor: house: near,close"
,Damaris,EB37,woman: cow
,Damascus,EC31,"blood: hand: wet,water: village: many: neighbor: house: near"
,Dan_land,EDCC,"Ruler,lord,king,crown,master: or: earth,ground,land"
,Dan_man,EDCD,"Man: ruler,lord,king,crown,master: or"
,dance,E259,"walk: happy,joy"
,Daniel,EA78,"man: me,i: or"
,dark,EA17,"no,not: light: eye,see: sun,day"
,daughter,E00C,"woman: love,compassion: small,few"
,daughters,E00D,"woman: love,compassion: small,few"
,David,E35E,"man: appointed: mouth,said,speak: near: person: call,beckon"
,day,E15F,
,deacon,E12D,"Person: love,compassion: work,do"
,dead,E181,"no,not: heart"
,deaf,E191,"no,not: hear,ear"
,death,E181,"no,not: heart"
,Deborah,EFB5,"Woman: ruler,lord,king,crown,master: or"
,Decapolis,E33E,"ten: land,ground,earth"
,deceive,E17F,"no,not: good: measure"
,deceiver,E152,"person: no,not: good: measure: deceive,deception,lie,false,lead_astray"
,deception,E17F,no: good: measure
,Dedan,EDCE,"Man: to,forward"
,deep,E321,
,deer,EFB6,"Fast: very: to,forward: animal"
,Demes,ECB2,Man: people: person
,Demetrius,EB1A,"man: sow,to_plant: seed: plant,tree,wood: small: hand"
,demon,EB87,"no,not: good: spirit: person"
,denarius,E165,"sun,day: money,wealth,wealthy"
,deny,E0E5,"no,not: mouth,said,speak: know,knowledge"
,depart,E243,"door: to,forward"
,depth,E321,
,Derbe,EB43,flesh: soft: person: village: many: neighbor: house: near
,descend,E317,Down
,descendant,EB60,"time: to,forward: small,few: people"
,desert,E156,"land,ground,earth: no,not: tree,plant,wood"
,deserve,E0F5,"money,wealth,wealthy: work,do"
,desire,E020,"love,compassion: heart"
,destroy,E141,"knife,cut: person"
,destruction,E141,"Knife,cut: person"
,Didymus,EBB6,"man: two: mind,think: know,knowledge: head: face"
,die,E181,"no,not: heart"
,different,ECFF,"No,not: equal,same"
,difficult,E093,"sad,grieve: work,do"
,dignify,E04B,"Mouth,said,speak,confession: good"
,Diklah,E1AC,OT: man: tree
,Dinah,EFB7,"Woman: mouth,said,speak,confession"
,Dinhabah_city,EFED,King: village: many: neighbor: house: near
,Dionysius,EB78,"man: fill: cup,drink"
,Diotrephes,ECE2,?
,direction,E323,
,dirt,E15B,"land,ground,earth"
,dirty,E249,"wet,water: no,not: good"
,disciple,E142,"person: follow: people: to,forward"
,discipline,EDA5,Whip: message: mouth: book
,discourage,E261,"chain,bound,imprisoned,arrest: heart"
,disease,E20A,"sad,grieve: heart"
,dish,E384,
,Dishan,E1EC,Man: small: part
,Dishon,EFEE,"Man: mouth,said,speak,confession: sheep: soft"
,disobedience,E193,"no,not: obey,obedience: mouth,said,speak: work,do"
,disobey,E193,"no,not: obey,obedience: mouth,said,speak: work,do"
,divide,E326,"Backward: forward,to"
,division,E326,"Backward: forward,to"
,divorce,EA3D,"house: split,division,divide,separate"
,do,E08C,
,doctor,E144,"person: heal: hand: happy,joy: heart"
,Dodanim,EDCF,"Man: lead,leader: to,forward: person"
,dog,E104,"small,few: animal"
,dominion,E032,"crown,ruler,king,lord: land,ground,earth: knife,cut"
,donkey,EA09,"small,few: horse"
,door,E23E,
,Dorcas,EC2C,Woman: horse
,Dothan,EFA3,Water: two: village: many: neighborhood: house: near
,doubt,E194,"no,not: believe,faith: know,knowledge: cross"
,dough,EA36,"soft: mouth,said,speak: grain,wheat"
,dove,E25E,"bird: peace: rest,sleep,lie_down: love,compassion"
,down,E319,
,dragon,ECDF,"Fire,heat,hot: bird"
,dream,EA80,"eye: rest,sleep,lie_down"
,drink,E274,
,drum,EBE3,"hand:sound,noise: ear,hear: thing"
,drunk,EA8D,"cup,drink: no,not: good"
,Drusilla,EB9C,"woman: wet,water"
,dry,E188,"no: wet,water"
,Dumah,EEFD,"Man: small,few: mute: mouth,said,speak,confession: no,not"
,dust,E15D,"small,few: part: land,ground,earth"
,dwell,E17B,"house: life,alive,live: good: heart"
,eagle,ECC9,Big: bird
,ear,E299,
,earn,E0F5,"money,wealth,wealthy: work,do"
,earth,E153,
,earthquake,E159,"land,ground,earth: shake"
,east,EA38,direction
,easy,E092,"happy,joy: face: work,do"
,eat,E053,"mouth,said,speak: thing"
,Ebal,EFEF,"Man: rock: hard: soft: no,not: thing"
,Eber,EC5A,"man: through,pass: thing: to,forward"
,Eden_garden,EDD2,Up: grain: small: land
,Eden_man,E1E9,Man: small: happy: face
,Edom_land,E1A7,OT: man: blood: hand: water: land
,Edom_man,E1A6,
,Egypt,EA44,"slave: land,ground,earth: thing: person"
,Ehi,EFB8,"Man: gathered(people),together(people): people"
,eight,E293,
,El,EDD3,OT: king: man: love
,El_Elohe,E1E4,OT: son: man: small: love”: .:
,Elah,E1A9,Man: dry: no: water
,Elam_land,EB6D,"time,when: land,ground,earth"
,Elam_man,EDD4,Man: everything: all: thing
,Eldaah,E1E3,Man: know: god: king: love
,elder,EB62,"no,not: new: lead,leader: to,forward: person"
,Eleazar,EA70,"man: king,crown,ruler,lord: help: straight: people"
,elect,EC9F,"choose: love,compassion: or: people"
,Eli,EC44,man: up
,Eliakim,EA6B,"man: up: money,wealth,wealthy"
,Eliezer,EC5B,"man: me,i: help: straight: people"
,Elijah,E36A,"man: heat,fire,hot"
,Eliphaz,EFF1,"Man: gold: big: money,wealth,wealthy"
,Elisha,EC5C,"man: can,power,ability: person: knife,cut"
,Elishah,EC5C,"Man: ability,can,power: big: knife,cut"
,Eliud,EA6F,"man: amazing,amazing: person: mouth,said,speak: good: praise,worship,exalt"
,Elizabeth,EC3A,"woman: promise: mouth,speak,said: work: very"
,Ellasar,EDD6,"Hit,beat: hand: hurt,pain: knife,cut: heart: ground,land,earth"
,Elmadam,EC5D,man: stretch
,Elon,EDD7,"Man: big: plant,tree,wood"
,Emites,EFA8,"Afraid,fear,worry: mouth,said,speak,confession: heart: people"
,Emmaus,EC5E,"fire,heat,hot: wet,water: village: many: neighbor: house: near"
,Emmor,EB5D,man: donkey: small: horse
,empty,E277,"cup,drink: no,not"
,Enaim,EBF9,"Throne: crown,ruler,lord,king,master: chair,sit: village: many,much: neighbor: house: near,close"
,encourage,E262,"free,freedom: heart"
,end,E232,
,endure,E170,"time: here: very: land,ground,earth"
,enemy,E025,"person: friend: love,compassion: no,not"
,enmity,E01B,"love,compassion: no,not"
,Enoch,EC5F,"man: teach,teaching: mouth,speak.said: book,learn,read"
,Enos,EC60,"man: dead,death,die: no,not: heart"
,Enosh,EC60,"Man: die,dead,death: no,not: heart"
,enter,E242,"door: to,forward"
,envy,E022,"love,compassion: heart: you: thing"
,Epaenetus,EBC1,"man: greeting: mouth,said,speak: happy,joy"
,Epaphras,ECE4,Man: good: face
,Epaphroditus,ECE4,Man: good: face
,Ephah,E1AD,Man: small: measure
,Epher,EEFE,Man: animal
,Ephesus,EC0C,"love,compassion: village: many: neighbor: house: near"
,Ephraim,EBA3,very: fruit
,Ephraim_city,EBA4,"Very: fruit: village: many,much: neighbor: house: near,close"
,Ephrath,EFBA,Fruit: village: many: neighbor: house: near
,Ephron,EEFF,"Man: wild: no,not: peace: lie_down,rest,sleep: love,compassion"
,Epicurean,EC05,"person: happy,joy: purpose,because,reason,therefore: know,knowledge: ?"
,equal,E24B,
,Er,EC61,"man: beautiful,beauty: eye,see: good"
,Erastus,EC0E,"man: send: hand: to,forward"
,Erech,EDD9,"Far: no,not: near,close: village: many,much: neighbor: house: near,close"
,Eri,E1AE,Man: beauty: eye: good: small
,Esau,EBC2,man: hair: face
,Esek,EDDA,"Battle,war,fight: well: wet,water: hole"
,Eshban,EFF2,"Man: understand,understanding: very: know"
,Eshkol,EDDB,"Man: many,much: frruit"
,Esli,EC49,man: side: thing
,eternal,E252,"all,whole: time,when"
,eternity,E252,"all,whole: time,when"
,Ethiopia,EC32,"all,whole: moon,night: land,ground,earth"
,Eubulus,ECB3,"Man: know,knowledge"
,Eunice,ECB4,"Woman: war,battle,fight"
,eunuch,EB8F,"very: circumcise,circumcision: knife,cut: flesh: soft: person"
,Euodia,ECE5,?
,Euphrates_River,ECD8,"River,stream: fruit"
,Eutychus,EB1F,"Man: sleep,lie_down,rest"
,evangelist,E13F,"person: mouth,said,speak: gospel,good_news: book,learn,read: good"
,Eve,EBEB,"woman: alive,live,life: good: heart"
,evening,E273,"moon,night: straight"
,everyone,E140,"person: all,whole"
,everything,E114,"thing: all,whole"
,everywhere,E155,"land,ground,earth: all,whole"
,exalt,E04B,"mouth,said,speak: good"
,example,ECF0,"Equal,same: work,do"
,explain,E059,"mouth,said,speak: understand,understanding: know,knowledge: very"
,explanation,E059,"mouth,said,speak: understand,understanding: know,knowledge: very"
,eye,E238,
,Ezbon,E1AA,Man: small: eye
,Ezer,E1AB,OT: man: attendant: person: straight: people
,fabric,E253,
,face,E203,
,Fair_Haven,EC18,good: boat: village: many: neighbor: house: near
,faith,E06F,"know,knowledge: cross"
,faithful,E219,"very: know,knowledge: cross"
,faithfulness,E219,"very: know,knowledge: cross"
,fall,E218,very: descend
,FALSE,E17F,
,family,E176,"house: love,compassion"
,famine,E18D,"no,not: grain,wheat"
,far,E197,"no,not: near"
,farewell,EC83,"end,finish: mouth,said,speak: happy,joy"
,farm,EB91,"grain,wheat: land,ground,earth"
,farmer,E133,"person: sow,to_plant: hand: seed: grain,wheat: small,few"
,fast_no_eat,E18E,"no,not: eat,food,meal: mouth,said,speak: thing"
,fast_speed,E21A,"very: to,forward"
,fat,EA86,big: flesh: soft: person
,fat_animal,EB11,"animal: water,wet"
,father,E003,"man: love,compassion"
,fear,E056,"mouth,said,speak: heart"
,feast,E054,"big: eat,food,meal: mouth,said,speak: thing"
,Felix,EB99,"man: big: money,wealth,wealthy"
,festival,E20B,"happy,joy: eat,food,meal: mouth,said,speak: thing"
,few,E19B,
,field,EB91,"grain,wheat: land,ground,earth"
,fig,EDA2,Sweet: fruit
,fight,E283,
,fill,E278,"cup,drink"
,find,E101,"good: search: hand: eye,see"
,finger,EBA5,Hand
,finish,E232,
,fire,E301,
,first,E233,"beginning,start"
,fish,E263,
,fisherman,E264,fish: person
,five,E290,
,fix,E09D,good: make: hand: person
,flesh,E26B,soft: person
,flip,E31D,
,flood,ECE0,"Destruction,kill,destroy: knife,cut: person: water,wet"
,flour,EA35,"knife,cut: grain,wheat"
,flower,EB24,
,flute,EA8B,"small,few: thing: mouth,said,speak"
,fly,E25B,
,follow,E13E,"people: to,forward"
,food,E053,"mouth,said,speak: thing"
,fool,EA7C,"no,not: wisdom,wise: know,knowledge: or"
,foot,E13D,person
,for,E086,"hand: love,compassion: to,forward"
,foreigner,E158,"person: no,not: land,.ground,earth"
,foreknowledge,EB79,"know,knowledge: thing: backward"
,forest,EC27,"land,ground,earth: many: plant,tree,wood"
,forgive,E18F,"no,not: kill,destroy: knife,cut: person"
,forgiveness,E18F,"no,not: kill,destroy: knife,cut: person"
,Fortunatus,ECA4,Man: very: have: hand: good
,forward,E318,
,foundation,E179,"house: land,ground,earth: root"
,four,E28F,
,fox,EA8A,"know,knowledge: small,few: animal"
,fragrant,E097,good: nose
,free,E260,"No: chain,bound,imprisoned,arrest"
,free_no_cost,EBE4,"zero: money.wealth,wealthy"
,Freedmen,EC8E,"Man: no: chain,bound,imprisoned,arrest"
,freedom,E260,"No: chain,bound,imprisoned,arrest"
,friend,E024,"person: love,compassion"
,frog,ECF6,"Very: forward,to: up: animal"
,from,E31A,"Forward,to"
,fruit,E27E,
,fulfill,E0D2,"end,finish: prophesy: eye,see: to,forward"
,full,E276,"cup,drink"
,futile,E190,"no,not: thing: work,do"
,future,E16E,"time: to,forward"
,Gabriel,EC39,"big: angel: good: spirit: no,not: person"
,Gad,ECBD,"Man: good: time,when"
,Gadara,E33F,"chain,arrest,bound,imprisoned: village: many: neighbor: house: near"
,Gaham,EFBB,"Man: night,moon: fire,heat,hot"
,gain,E1A3,"to,forward: hand: love,compassion"
,Gaius,EC0F,"man: happy,joy"
,Galatia,EB46,"around: land,ground,earth"
,Galeed,EFBC,"Report,parable.story,message.news: mountain"
,Galilee,E337,"house: cross: land,ground,earth"
,Gallio,EB3B,"man: cup,drink"
,Gamaliel,EB4D,"man: scripture,bible,word of god: book,learn,read: cross"
,garden,EDDC,Up: grain: small: land
,Gatam,EFF3,"Man: very: lie_down,rest,sleep"
,gate,E289,wall: door
,gathered_people,E126,person: people
,gathered_things,E108,thing
,Gaza,EB7F,"strong: ability,can,power: hand: big: knife: village: many: neighbor: house: near"
,generation,E019,"big: small,few: man"
,Gennesaret,E341,"money,wealth,wealthy: land,ground,earth"
,gentile,E158,"person: no,not: land,ground,earth"
,gentle,E26D,"soft: can,ability,power: big: knife,cut"
,gentleness,E26D,"soft: can,ability,power: big: knife,cut"
,Gera,EFBD,"Man: cow: eat,food,meal: mouth,said,speak,confession: thing"
,Gerar,EDDD,Go: land
,Gerasenes,E33F,"chain,arrest,bound,imprisoned: village: many: neighbor: house: near"
,Gershon,EFBE,Man: put: hand: thing
,Gether,EDDE,"Man: fear,afraid: mouth,said,speak,confession: heart"
,Gethsemane,E34A,"oil: land,ground,earth: money,wealth,wealthy: wet,water"
,Gideon,ED03,"Man: hate,enmity: love,compassion: no,not"
,Gideoni,E2BD,
,gift,E072,"hand: love,compassion"
,Gihon,EDDF,"Break: knife,cut: whole,all: stream,river"
,Gilead,EFA1,"Mouth,said,speak: you: ground,land,earth"
,Girgashites,EDE1,"Dirt,soil: ground,land,earth: people"
,girl,E009,"woman: small,few"
,girls,E00A,"woman: small,few"
,give,E086,"gift: hand: love,compassion: to,forward"
,glass,ECDE,"Eye,see: through,pass: thing: forward,to"
,glorify,E217,"Very: praise,exalt,worship,dignify: mouth,said,speak,confession: good"
,glory,E217,"very: praise,worship,exalt: mouth,said,speak: good"
,gluttony,EA8C,"very: food,eat,meal: mouth,said,speak: thing"
,go,E381,
,go_down,E080,hand: down
,goat,EA7D,sheep: soft: bone
,God,E036,"king,ruler,crown,lord: man: love,compassion"
,godly,E130,"person: righteous,righteousness: good: work,do"
,Gog,ECF7,"Mountain: land,ground,earth"
,Goiim,EDE2,"Nation,country: big: ground,land,earth: village: many,much: neighbor: house: near,close"
,gold,EB2A," big: money,wealth,wealthy"
,Golgotha,E34B,"skull: land,ground,earth: face"
,Gomer,EDE3,"Man: fire: whole,all"
,Gomorrah,EA7A,"no,not: good: person: village: many: neighbor,house,near"
,gong,EBE5,"very: ear,hear: cymbal,drum: hand: thing"
,good,E096,
,good_news,E22B,"book,learn,read: good"
,Goshen,EFBF,"Near,close: sun,day: ground,land,earth"
,gospel,E22B,"book,learn,read: good"
,governor,E0A3,"small,few: crown,ruler,king,lord"
,grace,E01F,"love,compassion: no,not: knife,cut"
,grain,E279,
,grape,ECF4,"Small,few: fruit"
,grass,EA33,
,grateful,E20E,"happy,joy: hand: love,compassion"
,gratitude,E20E,"happy,joy: hand: love,compassion"
,grave,E178,"house: dead,death,die: no,not: heart"
,great,E14A,"Big: praise,exalt,worship,dignify: mouth,said,speak,confession: good"
,Greece,E345,"shake: land,ground,earth"
,greed,EA94,"eye,see: desire,like,want: love,compassion: heart"
,green,ECD1,Grass: color
,greeting,E051,"mouth,said,speak: happy,joy"
,grieve,E207,Face
,grind,E83D,"knife,cut"
,groom,E013,"start,beginning: man: love,compassion"
,ground,E153,
,ground_soil,E15B,"land,ground,earth"
,grow,E154,"Up: land,ground,earth"
,growth,E154,"Up: land,ground,earth"
,guard,E0C1,"eye,see: sword"
,guilt,EA84,"know,knowledge: no,not"
,guilty,EA84,"know,knowledge: no,not"
,Guni,EFC1,"Man: garden; up: wheat,grain: small.few: ground,land,earth"
,Hadad,EFA2,"Man: sharp: knife,cut"
,Hadar,E1AF,OT: man: honor: king: sword
,Hadoram,EDE4,Man: glory: very: praise: mouth: good  
,Hagar,ECAB,woman: run: walk: very
,Haggi,EFC2,"Man: festival: happy.joy: eat,food,meal: mouth,said,speak,confession: thing"
,hail,EA13,"crown,ruler,king,lord: greeting: mouth,said,speak: happy,joy"
,hail_storm,ECDD,"Cloud: soft: thing; no,not"
,hair,E208,face
,half,EA22,
,Ham_man,EDE5,Man: noise: ear: thing
,Ham_village,EDE6,Noise; ear: thing: village: many: neighbor: house: near
,Hamathites,EDE7,Wall: people
,Hamor,EB5D,"man: donkey: small,few: horse"
,Hamul,EFC3,"man: forgive: no,not: kill,destroy,destruction: knife,cut: person"
,hand,E071,
,Hannah,EB02,"woman: no,not: knife,cut"
,Hanok,EC5F,Man: teach: mouth: book
,happy,E205,Face
,Haran_land,EB0B,Dry: no: water: land
,Haran_man,EFA4,Man: hill: small: mountain
,hard,E269,"soft: no,not"
,harlot,ECFC,"Dirty,impure: water,wet: bad: no,not: good: woman"
,harp,ECC6,String: box
,harsh,ECA7,"Hurt,pain: knife,cut: heart: mouth,said,speak,confession"
,harvest,E082,"hand: grain,wheat"
,harvester,E139,"person: hand: grain,wheat"
,hate,E01B,"love,compassion: no,not"
,have,E083,Hand
,have_to,E07F,hand: very
,Havilah_land,EDE8,Give: gift: hand: love: forward: land
,Havilah_man,EFFA,Man: small: give: gift: hand: love: forward
,Hazarmaveth,EDE9,"Man: very: dead,death,die: no,not: heart"
,Hazezon_Tamar,EDEA,Knife: tree: village: many: neighbor: house: near 
,Hazo,E1B0,Man: no: prophet: prophesy: person: eye: forward
,head,E206,face
,heal,E084,"hand: health,healthy: happy,joy: face: heart"
,healer,E144,"person: hand: health,healthy: happy,joy: face: heart"
,health,E209,"happy,joy: face: heart"
,healthy,E209,"happy,joy: face: heart"
,hear,E299,
,heart,E29A,
,heat,E301,
,heaven,E380,"house: crown,ruler,king,lord: man: love,compassion"
,heavy,E0E7,hand: big: measure
,Heber,E1B1,OT: man: go
,Hebrew,EC8F,"person: land,ground,earth: book,learn,read"
,Hebron,EDEB,"Together(people): village: many,much: neighbor: house: near,close"
,hedge,E28A,"wall: land,ground,earth"
,height,ECC1,Straight: up
,heir,E018,"money,wealth,wealthy: son,sons: small,few: man: love,compassion"
,Heli,EC44,man: up
,hell,E0D1,"always: all,whole: time,when: fire,heat,hot"
,help,E13A,straight: people
,helper,E150,person: help: straight: people
,Heman,E1B2,Man: right: no
,Hemdan,EFF4,Man: heart
,here,E212,"very: land,ground,earth"
,Hermas,EBC4,"man: far: no,not: near"
,Hermes_idol,EB2F,"Mute: mouth,said,speak,confession: no,not: thing: sell: backward: money,wealth,wealthy: buy: forward,to"
,Hermes_person,EBED,Man: everywhere: land: all
,Hermogenes,ECB5,"Man: permit,allow,permission: mouth,said,speak,confession: crown,ruler,king,lord,master"
,Herod,E360,man: man: big
,Herodians,EA05,"person: crown,king,ruler,lord: bad: no,not: good"
,Herodias,E355,"woman: bad: no,not: good: eye,see"
,Herodion,EBF1,"Man: family: house: love,compassion"
,Heth,EDEC,"OT: Man: angry,anger"
,Hezekiah,EA62,"man: crown,ruler,king,lord: can,ability,power: big: knife,cut"
,Hezron,EA4F,man: wall
,hide,E085,hand: under: thing: .
,Hierapolis,ECE9,"holy: person: thing: village: many,much: neighbor: house: near,close"
,hill,E202,"small,few: mountain"
,Hirah,E1B3,Man: mouth: you
,hire,E13B,"person: money,wealth,wealthy"
,hit,E0E4,"beat: hand: hurt,pain: knife,cut: heart"
,Hittites,EDED,Angry: people
,Hivites,EDEE,Mouth: people
,Hobah,EDEF,"Blind: no,not: see: village: many,much: neighbor: house: near,close"
,hole,E302,
,holy,E13C,person: thing
,honey,E052,mouth: sweet
,honor,E031,"crown,ruler,king,lord: sword"
,hope,E213,"very: desire,like,want: love,compassion: heart"
,Hori,EFF5,Man: cave: hole: mountain
,Horites,EDF1,Cave: hole: mountain: people
,horn,ECC5,Bone: head: face
,horse,E303,
,hosanna,E216,"very: help: straight: people: now: time,when"
,Hosea,EBC5,"man: search: hand: eye,see"
,hot,E301,
,hour,E331,"time,when: around"
,house,E171,
,how,E068,"know,knowledge: ask: mouth,said,speak: ?"
,how_long,E83C,"time,when: ask: mouth,said,speak: ?"
,Hul,EDF2,"Man: small,few: shake"
,human_nature,E23D,"road: birth: start,beginning: person"
,humble,E19D,"small,few: mouth,said,speak: me"
,humiliate,E065,"know,knowledge: bad: no,not: good: me,i"
,humility,E19D,"small,few: mouth,said,speak: me"
,hungry,E01E,"love,compassion: eat,food,meal: mouth,said,speak: thing"
,Huppim,EFC5,"Man: wash: hand: clean,pure: water,wet: good"
,hurt,E24F,"knife,cut: heart"
,husband,E012,"man: love,compassion"
,Husham,E1B4,Man: sweet: air
,Hushim,EFC6,"Man; no,not: very: to,forward"
,Hymenaeus,ECAA,"Man: bad:  good: no,not: teaching,teach: mouth,said,speak,confession: book,read,learn"
,hymn,E0E3,"cross: sing,song: mouth,said,speak: dance: walk: happy,joy: face"
,hypocrite,E152,"person: deceive,deception,false,lead_astray,lie: bad: no,not: good: measure"
,I,E166,
,Iconium,EC1F,"go,travel,trip: village: many: neighbor: house: near"
,idol,E35D,"Mute: no,not: mouth,said,speak: thing"
,Idumea,E378,"man: hair: face: land,ground,earth"
,if,E111,straight: thing
,ignorance,E06E,"know,knowledge: no,not"
,ignorant,E06E,"know,knowledge: no,not"
,Illyricum,EBC6,"mouth,said,speak: land,ground,earth"
,immeasurable,E18C,"no,not: measure"
,immediately,E215,"very: time,when"
,Imnah,EFC7,Man: right
,important,EBE7,"very: choose: love,compassion: or"
,impossible,E180,"no,not: can,ability,power: big: knife,cut"
,imprisoned,E25F,
,impure,E249,"wet,water: bad: no,not: good"
,in,E240,door: thing: .
,in_front,E112,thing
,incense,EC98,"perfume,fragrant: good: nose,smell: gift: hand: love,compassion"
,inheritance,E017,"money,wealth,wealthy: small,few: man"
,insect,E304,
,inside,E240,door: thing: .
,insist,E058,"Mouth,said,speak,confession: !"
,insult,E05B,"Mouth,said,speak,confession: bad: no,not: good: crown,ruler,king,lord,master: man: love,compassion"
,Irad,EDF3,Man: valley
,Iram,EFF6,Man: building
,iron,EB29,"hard: no,not: soft: metal"
,Isaac,E374,"man: laugh: very: happy,joy:  face"
,Isaiah,E372,man: save: very: help: straight: people
,Ishbak,EEDA,"Man: free: no,not: chain,arrest,bound,imprisoned"
,Ishmael,E1B5,OT: dry: no: water: land
,Ishvah,EFC8,Man: straight
,Ishvi,EFC9,Man: very: straight
,Iskah,EEDB,"Woman: eye,see"
,island,EB05,"wet,water: land,ground,earth"
,Israel,EA04,person: or
,Issachar,ECCE,Man: nine
,Italy,EC90,"shoe: person: thing: land,ground,earth"
,Ithran,E1B6,Man: praise: mouth: good: small
,Ituraea,EC3E,"through,pass: land,ground,earth"
,Jabal,E1B7,OT: man: river
,Jabbok,EFCA,"Empty: cup,drink: no,not: river,stream"
,Jacob,E375,man: person: foot
,Jacob(NT),EA72,man: person: foot
,Jahleel,EFCB,"Man:  wait: stay,remain: person: straight: time,when"
,Jahziel,E1B8,OT: man: divide
,Jairus,E367,"man: king,crown,ruler,lord: temple,church: mouth,said,speak: authority"
,Jakin,E1B9,Man: no: left
,Jalam,EFF7,Man: hide: put: hand: under: thing
,Jambres,ECBC,"Man: buy: forward,to: money,wealth,wealthy"
,James,E358,man: person: foot
,James_the_Disciple,E376,man: person: foot
,Jamin,EFCC,man: right: hand
,Jannai,EC46,man: ?
,Jannes,ECBE,"Man: denarius: day,sun: money,wealth,wealthy"
,Japheth,EDF4,OT: man: very: big
,jar,E0D5,"hard: soft: no,not: cup,drink"
,Jared,EC62,man: down
,Jason,EB64,man: no: wine: cup: fruit
,Javan,E1BA,OT: man: deceive: bad: no: good: measure
,Jebusites,E1E5,Past: backward: time: peace: sleep: love: village: many: neighbor: house: near: people
,Jechoniah,EA66,"man: king,crown.ruler,lord: stay: person: straight"
,Jegar_Sahadutha,E1E6,Message: book: mouth: near: mountain 
,Jehoshaphat,EA5D,"man: judge: king,crown,ruler,lord: or"
,Jemuel,EFCD,"Man: sabbath: sun,day: lie_down,sleep,rest"
,Jephthah,ED04,"Man: open: no,not: closed"
,Jerah,EDF5,"Man: moon,night"
,Jeremiah,EA28,"man: cry: sad, grieve"
,Jericho,EA08,wall: down: village: many: neighbor: house: near
,Jerusalem,E338,"peace: rest,sleep,lie_down: love,compassion: village: many: neighbor: house,near"
,Jesse,EA58,"man: gift: hand: love,compassion"
,Jesus,E037,"king,ruler,crown,lord: cross"
,Jetheth,EFF8,Man: nail: metal: thorn:
,Jetur,EEDC,Man: gate: wall: door
,Jeush,E1BB,Man: no: gathered
,Jew,E0F9,"person: land,ground,earth: book,learn,read"
,Jewish,E0F9,"person: land,ground,earth: book,learn,read"
,Jezebel,ECA2,"Woman: crown,king,ruler,lord,master: bad: no,not: good"
,Jezer,E1BC,Man: easy: happy: face: work
,Jidlaph,EFCE,"Man: small,few: sad,grieve: face"
,Joanan,EC4C,man
,Joanna,EC63,woman
,Job,ED0B,"Man: suffering: very: hurt,pain: knife,cut: heart"
,Jobab,EDF6,"Man: ear,hear: animal"
,Joda,E34B,"man: exalt,praise,worship: mouth,said,speak: good"
,Joel,EC92,"man: land,ground,earth"
,John,E35A,"man: no,not: knife,cut"
,John_the_Baptist,E336,"man: no,not: knife,cut"
,John_the_Disciple,E35A,"man: no,not: knife,cut"
,Jokshan,EEDD,"Man: rooster: bird: sun,day"
,Joktan,E1BD,Man: try: small: work
,Jonah,E0C5,man : fly
,Jonah_Simons_father,EA29,man: fly
,Jonam,EC9B,man: you: good
,Joppa,EC2D,"beautiful,beauty: good: eye,see: village: many: neighbor: house: near"
,Joram,EA5E,"man: honor: king,crown,ruler,lord: sword: part,some"
,Jordan_River,E34F,"river,stream: baptism,baptize: wet,water: person"
,Jorim,EC64,"man: very: praise,worship,exalt: mouth,said,speak: good"
,Joseph,EA15,man: more: up: many
,Joseph(NT),EA73,man: more: up: many
,Joses,E369,man: more : up: many
,Joshua,EB03,man: help: straight: people
,Josiah,EA65,"man: king,crown,ruler,lord: child: small,few: person"
,Jotham,EB82,"Man: all,whole"
,Jothan,EA60,"man: king,crown,ruler,lord: straight"
,journey,E381,
,joy,E205,Face
,Jubal,EDF7,"OT: man: sing,song,Psalm: mouth,said,speak,confession: dance: walk: happy,joy: face"
,Juda,E368,"Man: exalt,praise,worship,dignify: mouth,said,speak,confession: good"
,Judah,EA4B,"man: praise,worship,exalt: mouth: good"
,Judas,E368,"man: praise,worship,exalt: mouth: good"
,Judas_Iscariot,E365,"man: praise,worship,exalt: mouth: good"
,Judas_not_Iscariot,E368,"man: praise,worship,exalt: mouth: good"
,Jude,E368,"man: praise,worship,exalt: mouth: good"
,Judea,E339,"praise,worship,exalt: mouth: good: land,ground,earth"
,judge,E1A2,"crown,ruler,king,lord: or"
,judgment,E1A2,"crown,ruler,king,lord: or"
,Judith,EDF8,"Woman: exalt,praise,worship: mouth,said,speak,confession: good"
,Julia,EBC7,"woman: crooked: no,not: straight: hair: face"
,Julius,EC07,"man: crooked: no,not: straight: hair: face"
,jump,ED0A,"Very: forward,to: up"
,Junia,EBC8,"woman: young: small,few: time,when"
,justice,EA25,"to,forward: hand: equal,same"
,justify,EB4F,"make: hand: person: righteous,righteousness: good: work,do"
,Justus,EB6A,"man: righteous,righteousness: good: work,do"
,Kadesh,EDF9,"Holy: person: thing: village: many,much: neighbor: house: near,close"
,Kadmonites,EFD1,East: direction: people
,Kalneh,EDFA,"Wall: village: many,much: neighbor: house: near,close"
,Karmi,EFD2,"Man: vine: small,few: up: tree,plant,wood"
,Kasluhites,EDC9,Save: very: straight: people
,Kedar,EEDE,"Man: dark: no,not: light: eye,see: sun,day"
,Kedemah,EEDF,Man: east: direction
,Kedorlaomer,EDFB,Man: grain
,keep,E099,very: have: hand: .
,Kemuel,EFD3,Man: gathered: thing
,Kenan,EC56,Man: have: hand: .
,Kenaz,EFD4,"Man: find: good: search: hand: eye,see"
,Kenites,EFD5,Find: good: search: hand: eye: people
,Keran,EFF9,Man: harp: string: box
,Kesed,EFD6,"Man: demon: bad: no,not: good: spirit: person"
,Keturah,EEE1,"Woman: nose,smell"
,key,EA9D,"thing: open: no,not: closed"
,Kezib,E1BF,Far: no: near: village: many: neighbor: house: near
,Kidron_Valley,EBA6,"black: moon,night: color: valley"
,kill,E141,"knife,cut: person"
,kind_nice,E01C,"Love,compassion: good"
,kind_same,ED00,"Part,some: equal,same"
,kindness,E01C,"love,compassion: good"
,king,E028,
,kingdom,E02F,"crown,ruler,king,lord: land,ground,earth"
,Kiriath_Arba,EFD7,"Four: village: many,much: neighbor: house: near,close"
,Kish,EB49,man: catch: thing: net
,kiss,E0E8,"mouth,said,speak: face"
,Kittim,EDFC,"Man: break: knife,cut: whole,all"
,kneel,E138,stay: person: straight: down
,knife,E24E,
,knock,EB8B,hand: door
,knot,E30E,
,know,E062,
,knowledge,E062,
,Kohath,EFD8,Man: obey: mouth: work
,Korah,ECF3,"Man: no,not: hair: face"
,Laban,EDFD,"Man: very: mouth,said,speak,confession"
,lake,EC65,"small,few: wet,water"
,Lamech,EC66,man: arm: big
,lamp,E164,"sun,day: thing"
,lampstand,E281,"sun,day: thing: table"
,land,E153,
,language,EA23,"mouth,said,speak: country,nation: big: land,ground,earth"
,Laodicea,EBF9,"throne: Crown,king,ruler,lord,master: chair,sit: village: many,much: neighbor: house: near,close"
,Lasea,EC16,hair: face: village: many: neighbor: house: near
,Lasha,E1C0,Fire: water: village: many: neighbor: house: near
,last,E234,"end,finish"
,late,E225,"no,not: now,immediately: very: time,when"
,later,E225,"no,not: now,immediately: very: time,when"
,Latin,EBA8,"very: knife,cut: tongue: mouth,said,speak: fabric,clothing"
,laugh,E224,"very: happy,joy: face"
,laughter,E224,"very: happy,joy: face"
,law,E22F,"book,learn,read: allow: mouth,speak,said: crown,ruler,king,lord"
,lawful,E22F,"book,learn,read: allow: mouth,speak,said: crown,ruler,king,lord"
,lawlessness,E08F,"Bad: no,not: righteous: good: work,do"
,Lazarus,EC67,"man: crown,ruler,king,lord: mouth,said,speak"
,lead,E137,"to,forward: person"
,lead_astray,E17F,"bad: no,not: good: measure"
,leader,E137,"to,forward: person"
,leaf,E0B3,"plant,tree,wood: thing"
,Leah,EFD9,"Woman: sick: sad,grieve: heart"
,leap,ED0A,"Very: forward,to: up"
,learn,E22A,
,lease,E175,"house: money,wealth,wealthy"
,least,E397,"very: small,few"
,leather,E255,"clothing,fabric: animal"
,leave,E243,"door: to,forward"
,leaven,E32D,"up: loaf,bread: mouth,said,speak: grain,wheat"
,left,E0F4,
,leg,EBE0,person
,Legion,E366,man: most: very: many
,Lehabites,E1C1,Fire: people
,length,ECC2,Forward
,leopard,ECF8,Soft: animal
,leprosy,E382,"very: sad,grieve: heart"
,letter,EB84,"small,few: book,read,learn"
,Letush,EEE2,tool: people
,Leum,EEE3,Criticize: mouth: bad: no; good: people
,Leummim,EEE3,Criticize: mouth: bad: no: good: people
,level,E0D9,
,Levi,EB1B,"man: with: equal,same: people"
,Levi_Matthew,E35C,man: tax: king: money
,Libya,EB73,"death,dead,die: no,not: heart: land,ground,earth"
,lie,E17F,"bad: no,not: good: measure"
,lie_down,E121,
,life,E09F,good: heart
,lift,E081,hand: up
,light,E0C2,"eye,see: sun,day"
,lightning,EA88,"storm: eye,see"
,like,E020,"love,compassion: heart"
,Linus,ECB0,"Man: clothing,fabric"
,lion,ECB6,Hair: face: animal
,live,E09F,good: heart
,loaf,E05D,"mouth,said,speak: grain,wheat"
,Lob,E0EE,Man: change: go
,locust,ECD4,Grass: insect
,Lois,ECB7,"Woman: mouth,said,speak,confession: equals,same"
,longsuffering,E16F,"time,when: hurt,pain: knife,cut: heart"
,looks_like,EBCD,"Eye,see: equals,same"
,lord,E028,
,lost,E089,"bad: no,not: good : search: hand: eye,see"
,lot,EA16,Or
,Lot,EBDC,Man: gathered: thing
,Lotan,EFFB,Man: cover: straight: thing
,lots,EA16,or
,loud,EBE8,"very: ear,hear"
,love,E01A,
,lower_adj.,E324,straight: down
,lower_verb,E080,hand: down
,Lucius,EC93,man: another: person: after: thing: forward: teach: mouth: book 
,Lud,E1C2,man: first: beginning: birth: person
,Ludites,E1EA,Bad: no: good: land; people
,Luke,EB68,"man: light: eye,see: day,sun"
,lunatic,E06D,"know,knowledge: wild: no,not: peace: rest,sleep,lie_down: love,compassion"
,lust,E239,"bad: no,not: good: eye,see"
,Luz,EDFE,"Branch: plant,tree,wood: village:  many,much: neighbor: house: near,close"
,Lycaonia,EB51,"dog: small,few: animal: land,ground,earth"
,Lycia,EC13,"dog: small,few: animal: village: many: neighbor: house: near"
,Lydda,EC2E,work: village: many: neighbor: house: near
,Lydia,EB50,"woman: fire,heat,hot"
,Lysanias,EC40,"man: crown.ruler,king,lord: happy,joy"
,Lysias,EC37,"man: soldier: person: war,fight,battle: lead,leader: to,forward"
,Lystra,EB44,"money,wealth,wealthy: village: many: neighbor: house: near"
,Maacah,EFDA,Man: press: very: touch: thing: hand
,Maakah,E2D8,Woman: press: very: touch: thing: hand
,Maath,EC4B,"man: time,when"
,Macedonia,EC0D,"above,over: up: thing: land,ground,earth"
,Machir_man,E2D1,Man: forward: straight: money
,Machir_woman,E2D2,Woman: forward: straight; money
,Machpelah,EEE4,repeat: village: many: neighbor: house: near
,Madai,EDFF,Man: measure
,Magadan,EA30,tower: land 
,Magdiel,EFFC,man: precious: very: money
,magician,EC8A,"man: eye,see: deceive,deception,false,lead_astray,lie: bad: no: yes: measure"
,Magog_land,ECF9,More: up: many: land
,Magog_man,EEA1,OT: man: house: good
,Mahalalel,EC68,Man: very: correct: good
,Mahalath,EEA2,"Woman: sing,song: mouth,said,speak,confession: dance: walk: happy,joy"
,Mahanaim,EFDB,Two: village: many: neighbor: house: near
,make,E076,hand: person
,Malchus,EBB7,"man: kingdom: crown,ruler,king,lord: land,ground,earth"
,Malkiel,EFCF,"Man: very: cold: no,not: fire,heat,hot"
,Malta,EC19,"storm: island: wet,water: land,ground,earth"
,Mamre,EEA3,"Eye: land,ground: earth"
,man,E000,
,Manaen,EB40,man: soft
,manage,E137,"Forward,to: person"
,Manahath,E1C3,Man: bed:  sleep: straight
,Manasseh,EA63,"man: no,not: know,knowledge"
,manna,EBA9,"soft: grain,wheat"
,many,E198,
,Mark,E371,"man: forgive: no,not: kill,destroy: knife,cut: person"
,market_place,E02E,"money,wealth,wealthy: land,ground,earth"
,marriage,E010,"man: love,compassion: woman"
,Martha,EC69,"woman: authority: crown,ruler,king,lord: mouth,said,speak"
,Mary,E354,"woman: big: water,wet: sea,ocean"
,Mary_Magdalene,E353,"woman: big: water,wet: sea,ocean"
,Mary_Mother_of_Jesus,E354,"woman: big: water,wet: sea,ocean"
,Masrekah_city,EFFD,Vineyard: fruit: land
,Massa,EEE5,"Man: longsuffering,patience,patient: time,when: hurt,pain: knife,cut: heart"
,master,E028,
,Matred,EFFE,Woman: repeat: thing
,Mattatha,EC9C,"man: dry: no,not: wet,water: land,ground,earth"
,Mattathias,EC9D,"man: bright: very: day,sun"
,Matthan,EA71,"man: king,crown,lord,ruler: hand"
,Matthat,ED12,"man: thing: take,bring,carry: hand"
,Matthew,EB04,"Man: gift: hand: love,compassion"
,Matthias,EB04,"Man: gift: hand: love,compassion"
,mattress,E122,"sleep,rest,lie_down: straight"
,mature,E236,"end,finish: up: land,ground,earth"
,me,E166,
,Me_Zahab,EFFF,"OT: man: silver: small,few: money,wealth,wealthy"
,meal,E053,"mouth,said,speak: thing"
,meaning,ECFA,"Book,read,learn: equals,same"
,measure,E305,
,Medan,EEE7,"Man: people: war,battle,fight"
,Media,EB70,"far: no,not: near: land,ground,earth"
,Megiddo,ECFB,"Multitude,crowd: people: person: land,ground,earth"
,Mehetabel,EFF0,Woman: good
,Mehujael,EEA4,"Man: bad: no,not: good: lightning: storm: eye,see"
,Melchi,EC45,"man: me,i: crown,ruler,king,lord"
,Melchizedek,ED05,"Man: crown,ruler,king,lord,master: work,do"
,Melea,EC6A,"man: person: love,compassion"
,member,E174,house: people
,Menna,EC6B,"man: hard: no,not: soft"
,Merari,EFDC,"Man: bitter: bad: no,not: good: tongue: mouth,said,speak,confession: fabric,clothing"
,mercy,E01D,"love,compassion: bad: no,not: good: person"
,Mesha_land,EEA5,Free: no: chain: land
,Meshech,EEA6,Man: move: direction: person
,Mesopotamia,EB72,"river,stream: land,ground,earth"
,message,E22D,"teach,teaching: book,learn,read: mouth,said,speak"
,messenger,E136,"mouth,said,speak: person"
,Messiah,E334,"very: anointed: king,crown,ruler,lord: beckon: mouth,said,speak: near: person"
,metal,EB28,
,Methuselah,EC6C,"man: send: hand: to,forward"
,Methushael,EEA7,Man: from
,Mibsam,EEE6,"Man: nose,smell"
,Mibzar,E1C5,Man: small: house
,Michael,ECE1,"No,not: equals,same: spirit: person: crown,ruler,king,lord,master"
,Midian_land,EB0F,War: land
,Midian_man,E1EB,man: big: war
,Miletus,EB23,sheep: soft: village: many: neighbor: house: near
,milk,ECA3,"Very: small,few: person: cup,drink"
,Milkah,EEE8,"Woman: judge,judgment: crown,ruler,king,lord,master: or"
,million,ECD9,"Many,much: thousand"
,mind,E06C,"know,knowledge: head: face"
,mine,E168,Man: very: donkey: small: horse
,miracle,E095,"no,not: big: ability,can,power: knife,cut: work,do"
,Miriam,E385,"Woman: ocean,sea: big: water,wet"
,mirror,EBE6,"thing: see,eye: me,i"
,Mishma,E1C6,Man: obey: mouth: work
,Mitylene,EB21,knife: village: many: neighbor: house: near
,Mizpah,E2CF,Watchtower: eye: tower: village: many: neighbor: house: near
,Mizraim,EEA8,Man: slave: thing: person
,Mizzah,E1C7,Man: strong: hand: power: big: knife
,Mnason,EB26,"man: eye,see"
,Moab,EEA9,"Man: bad: no,not: good: seed: grain,wheat: small,few"
,mock,EA12,"mouth,said,speak: love,compassion: bad: no,not: good"
,Molech,EC26,"crown,ruler,king,lord: mute: mouth,said,speak: no,not: thing"
,money,E029,
,month,E34C,"backward: land,ground,earth: to,forward: around: day,sun"
,moon,E272,
,more,E199,up: many
,Moreh,EEAA,"Teach,teaching: mouth,said,speak: book,learn,read: land,ground,earth"
,Moriah,EFDD,"Choose: love,compassion: or: land,ground,earth"
,morning,E163,"sun,day: straight"
,Moses,E35B,man: lift: hand: up
,most,E229,very: many
,mother,E00B,"woman: love,compassion"
,Mount_of_Olives,E351,money: water: fruit: mountain
,Mount_Sinai,EB5C,thorn: mountain
,Mount_Zion,ECF5,"Peace: sleep,rest,lie_down: love,compassion: mountain"
,mountain,E306,
,mouth,E03F,
,move,E32F,direction: person
,much,E198,
,multitude,E128,person: people
,Muppim,EFDE,Man: whip
,murderer,EA10,"person: kill,destroy: knife,cut"
,mustard,E039,"cross: seed: grain,wheat: small,few"
,mute,E050,"mouth,said,speak: no,not"
,my,E168,Man: very: donkey: small: horse
,Myra,EC28,"plant,tree,wood: village: many: neighbor: house: near"
,myrrh,E245,"tree,plant,wood: good: nose"
,Mysia,EB4A,"end,finish: land,ground,earth"
,mystery,E18B,"no,not: because,purpose,reason,therefore: know,knowledge: ?"
,Naamah,EEAB,Woman: sweet
,Naaman,EC6D,"man: very: kind,kindness: love,compassion: good"
,Naggai,EC4A,"man: yes,correct: good"
,Nahath,E1C8,Man: deaf: ear: no: thing
,Nahor,EC6E,man: air
,Nahshon,EA52,"man: prophesy: eye,see: forward,to"
,Nahum,EC48,"man: prophet: person: prophesy: eye,see: to,forward"
,nail,EBAA,metal: thorn
,Nain,EA48,"beauty: good: eye,see: village: many: neighbor: house: near "
,name,E04F,"mouth: me,i"
,Naphish,EEE9,"Man: breath,breathe: mouth,said,speak: air"
,Naphtali,EA40,Man: war
,Naphtuh,EEAC,OT: man: open: no: closed
,Narcius,EBC9,man: flower
,Nathan,EC6F,"man: give,for: gift: hand: love,compassion: to,forward"
,Nathaniel,EC6F,"Man: give,for: gift: hand: love,compassion: foward,to"
,nation,E0A2,"big: land,ground,earth"
,Nazareth,E34E,"branch: tree: land,ground,earth: village: many: neighbor: house: near"
,near,E300,
,Nebaioth,EEAD,OT: man: animal
,neck,E0D3,face
,need,E07F,hand: very
,needle,E078,hand: person
,Negev,EEAE,"Man: south: direction: land,ground:earth"
,neighbor,E173,house: near
,Neopolis,EB4E,new: village: many: neighbor: house: near
,Nereus,EBCA,"man: full: cup,drink"
,Neri,EC70,"man: very: eye,see"
,net,E307,
,new,E308,
,news,E22D,"book,learn,read: mouth,said,speak"
,next,EBF2,"Person: After: thing: forward,to"
,Nicanor,EB55,"man: war,fight,battle: crown,ruler,king,lord"
,Nicodemus,EBAB,"man: know,knowledge: ask,questioned: mouth,said,speak: ?"
,Nicolaus,EB56,"Man: crown,king,ruler,lord,master: war,fight,battle"
,Nicopolis,ED08,"Hate,enmity: no: love,compassion: village: many,much: neighbor: house: near,close"
,night,E272,
,Nile,EFDF,"Big: stream,river"
,Nimrod,EEAF,"OT: man: no,not: work,do"
,nine,E294,
,Nineveh,E0C6,"enemy: person: enmity: love,compassion: no,not: land"
,no,E17C,
,Noah,EA43,"man: sleep,rest,lie_down"
,Nod,EEB1,"OT: very: trip,go,travel,journey: land,ground,earth"
,noise,EBE9,"ear,hear: thing"
,north,EA74,direction
,nose,E309,
,not,E17C,
,now,E215,very: time
,number,E0B7,
,Nympha,ECEA,Man: holy: person thing
,Obal,EEB2,OT: man: no: clothing
,Obed,EA56,"man: work,do"
,obedience,E04E,"mouth,said,speak: work,do"
,obey,E04E,"mouth,said,speak: work,do"
,ocean,E14D,"big: water,wet"
,offering,E03A,"cross: money,wealth,wealthy"
,Ohad,EFE1,Man: shout: big: mouth
,Oholibamah_man,E0AC,Man: go: house
,Oholibamah_woman,EFE0,Woman: go: house
,oil,E030,"money,wealth,wealthy: wet,water"
,old,E189,no: new
,olive,EDA1,"Money,wealth,wealthy: water,wet: fruit"
,Olympus,EBCB,man: mountain
,Omar,E1C9,Man: very: many: mouth
,on,E113,thing
,On_city,EFE2,sun: village: many: neighborhood: house: near
,on_top_of,E113,thing
,Onam,E1CA,Man: easy: happy: face: work
,Onan,E1CB,Man: very: strong: hand: power: big: knife
,one,E28C,
,Onesimus,ECB8,"Man: profit: money,wealth,wealthy: many,much"
,Onesiphorus,ECB8,"Man: profit: money,wealth,wealthy: many,much"
,only,E223,very: one
,open,E18A,"no,not: closed"
,Ophir,EEB3,"Man: ash: bad: no,not: good: air"
,oppose,E330,
,or,E106,
,order,EBE7,"very: choose: love,compassion: or"
,other,E184,"no,not: very: thing"
,our,E169,Man: very: no: knife
,ours,E169,Man: very: no: knife
,out,E241,door: thing
,outside,E241,door: thing
,over,E110,thing: up
,owe,EA49,"money,wealth,wealthy: no,not: backward"
,own,ECED,Person: have: hand
,ox,EA85,very: animal
,Paddan_Aram,EEEA,Straight: country: big: land
,pain,E24F,"hurt,pain: knife,cut: heart"
,Pallu,E1CC,Man: amazed: big: praise: mouth: good 
,Pamphylia,EB6E,"family: house: love,compassion: land,ground,earth"
,Paphos,EB9F,Fire: village: many: neighbor: house: near
,parable,E22D,"book: mouth,said,speak"
,paralyze,E131,"person: no,not"
,Paran,EEEB,Peace: sleep: love: cave: hole: mountain: land  
,Parmenas,EB57,man: stand: up: straight: person
,part,E29B,
,Parthia,EB0A,"tongue: fabric,clothing: mouth,said,speak: land,ground,earth"
,party,E20B,"happy,joy: face: eat,food,meal: mouth,said,speak: thing"
,pass,E10B,"thing: to,forward"
,passion,EBAC,"big: desire,like,want,will: love,compassion: heart"
,Passover,E20D,"Happy,joy: face: no,not: food,eat,meal: mouth,said,speak: thing: destroy,kill: knife,cut: person"
,past,E16D,"time,when: backward"
,pastor,ECC3,Cross: shepherd:  sheep: soft: person
,Patara,EC23,"bad: no: righteous,righteousness: good: work,do: village: many: neighbor: house: near"
,path,E23C,
,Pathrusites,EEB4,South: direction: people
,patience,E16F,"time,when: hurt,pain: knife,cut: heart"
,patient,E16F,"time,when: hurt,pain: knife,cut: heart"
,Patmos,EBF4,"Hard: soft: no,not: small,few: thing: island: water,wet: land,ground,earth"
,Patrobas,EBCC,man: walk
,pattern,ECF0,"Equals,same: work,do"
,Pau,EFD0,"Mouth,said,speak: sheep: soft: village: many: neighbor: house: near"
,Paul,E377,"man: small,few"
,pavement,EBAD,"road: hard: soft: no,not"
,peace,E123,"rest,sleep,lie_down: love,compassion"
,Peleg,EC71,"man: knife,cut"
,pen,E29C,
,Peniel,EFE4,Face: village: many: neighbor: house: near
,pentecost,EC81,"Spirit: no,not: person: day,sun"
,Pentecost,EC81,"spirit: no,not: person: day,sun"
,people,E127,person
,perceive,E06A,"know,knowledge: eye,see"
,Perez,EA4C,"man: very: go,travel,trip,journey"
,perfect,ECEC,"Very: all,whole"
,perfume,E097,good: nose
,Perga,EB47,world: people: village: many: neighbor: house: near
,Pergamum,EBF6,Hill: small: mountain: village: many: neighbor: house: near
,Perizzites,EEB5,Village: many: neighbor: house: near: people
,permission,E04A,"mouth,said,speak: ruler,king,lord,crown"
,permit,E04A,"mouth,said,speak: crown,ruler,king,lord"
,persecute,E03E,"cross: very: hurt,pain: knife,cut: heart"
,persecution,E03E,"cross: very: hurt,pain: knife,cut: heart"
,Persis,EBCE,"woman: split,divide,division,separate"
,person,E11F,
,Phanuel,EC3C,man: face
,Pharaoh,EC94,"man: slave: thing: land,ground,earth: crown,ruler,king,lord"
,Pharisee,E383,"Bad: no,not: good: person: teach,teaching: mouth,said,speak,confession: book,read,learn"
,Phicol,EEB6,"OT: man: shout:  big: mouth,said,speak"
,Philadelphia,EBF8,"Love,compassion: brother: man: few,small; village: many,much: neighbor: house: near,close"
,Philemon,ECF2,"Man: kiss: mouth,said,speak,confession: face"
,Philetus,ECAC,"Man: bad: no,not: good: teach,teaching: mouth,said,speak,confession: book,read,learn"
,Philip,E361,Man: horse
,Philippi,E347,"love,compassion: horse: village: many: neighbor: house,near"
,Philistia,EEB7,"Dust: small,few: part,some; land,ground,earth"
,Philologus,EBCF,"man: word: book,learrn,read: small,few"
,philosopher,EC04,"person: because,purpose,reason,therefore: know,knowledge: ?"
,Phlegon,EBD1,man: anger
,Phoebe,EBD2,"woman: moon,night"
,Phoenicia,E343,"blood: hand: water,wet: color: land,ground,earth"
,Phoenix,EC29,boat: village: many: neighbor: house: near
,Phrygia,EB76,"near: dry: no,not: wet,water: land,ground,earth"
,Phygelus,ECB9,Man: run: walk: very
,pig,E30A,
,pigeon,E0B6,"bird: sacrifice: fire,heat,hot: gift: hand: love,compassion"
,Pilate,E36F,"man: governor: small,few: crown,king,ruler,lord"
,Pildash,EFE3,"Man: iron: hard: no,not: soft: metal"
,pillar,ECA8,"power: Big: knife,cut: tower"
,pillow,E26C,soft: head: face
,Pinon,EFC0,Man: metal
,Pishon,EEB8,"Divide,division,separate,split: river,stream"
,Pisidia,EB97,"sing,song: mouth,said,speak: dance: walk: happy,joy: land,ground,earth"
,pitch,EEB9,Dirty: water: bad: no: good: dirt: land
,plan,E06B,"know,knowledge: pen,write"
,plant,E244,
,plate,E386,big: bowl
,platter,E386,big: bowl
,plow,EC72,"knife: dirt,soil,ground_soil: land,ground,earth"
,pn,ED11,
,Pontus,EB75,"big: new: wet,water: land,ground,earth"
,poor,EA3A,"no,not: money,wealth,wealthy"
,porch,EB5E,"door: thing: room: house: part,some"
,Porcius,EC38,man: pig
,pos,E390,
,possible,E098,"good: can,ability,power: big: knife,cut"
,Potiphar,EEEC,Man: cow
,Potiphera,E1CD,Man: sun: gift: hand: love
,pour,E0D6,"cup,drink"
,power,E124,"big: knife,cut"
,praise,E04B,"mouth,said,speak: good"
,pray,E05E,"mouth,said,speak: god: crown,ruler,king,lord: man: love,compassion"
,prayer,E05E,"mouth,said,speak: god: crown,ruler,king,lord: man: love,compassion"
,preach,E04D,"teach,teaching: mouth,said,speak: Bible: book,learn,read: cross"
,preacher,E134,"person: teach,teaching: mouth,said,speak: Bible: book,learn,read: cross"
,preaching,E04D,"teach,teaching: mouth,said,speak: Bible: book,learn,read: cross"
,precious,EA37,"very: money,wealth,wealthy"
,pregnant,E0A5,"small,few: person"
,prepare,E091,"before; backward: thing: work,do"
,press,E228,very: touch: thing: hand
,pretend,E094,"no,not: work,do: truth: good: measure"
,prevail,EB14,"ruler,king,lord,crown: war,battle,fight"
,pride,E14B,"big: mouth,said,speak: me,i"
,priest,E03B,cross: person
,prince,EB61,"ruler,king,lord,crown: small,few"
,priority,EBE7,"very: choose; love,compassion: or"
,Priscilla,EB18,"Woman: wrong: no,not"
,prison,E172,"house: chain,bound,imprisoned,arrest"
,prisoner,E145,"person: chain,bound,imprisoned,arrest"
,Prochorus,EB53,"man: sing,song: mouth,said,speak: dance: walk: happy,joy"
,proconsul,E0A3,"Small,few: crown,ruler,king,lord,master"
,profit,E035,"money,wealth,wealthy: many"
,promise,E37A,"mouth,said,speak: work,do"
,prophesy,E23B,"eye,see: forward,to"
,prophet,E135,"person: prophesy: eye,see: forward,to"
,prostitute,ECFC,"Dirty,impure: water: bad: no,not: good: woman"
,proud,E14B,"Big: mouth,said,speak,confession: me,I"
,proverb,EC73,"mouth,said,speak: or"
,Psalm,E0E2,"sing,song: mouth,said,speak: dance: walk: happy,joy"
,Ptolemais,EC08,"love,compassion: war,fight,battle: village: many: neighbor: house: near"
,Puah_man,E1D3,Man: crooked: no: straight: person
,Puah_woman,E0DC,Woman: child: small: person
,Publius,EC1A,"man: part,some"
,Pudens,ECBA,"Man: brave: no,not; afraid,fear: mouth,said,speak,confession: heart"
,punish,E1D0,Whip: sin: bad: no: righteous: good: work
,punishment,E1D0,Whip: sin: bad: no: righteous: good: work
,pure,E248,"wet,water: good"
,purple,E286,"ruler,king,lord,crown: color"
,purpose,E066,"know,knowledge: ?"
,Put_land,EB73,Dead: no: heart: land
,Put_man,EEBA,Man: small: dead: no: heart
,put_verb,E07E,Hand: thing
,Puteoli,EC1E,"wet,water: village: many: neighbor: house: near"
,Pyrrhus,EB1C,"man: fire,heat,hot: color"
,Quartus,EBD3,man: four
,queen,EB15,"woman: crown,ruler,king,lord"
,questioned,E061,"mouth,said,speak: ?"
,quiet,E185,"mouth,said,speak: no,not"
,Quirinius,EC3B,"man: up: governor: small,few: crown,ruler,king,lord"
,Raamah,EEBB,Man: thunder: mouth: storm
,Rachel,EA41,woman: sheep: soft
,Rahab,EA55,"woman: shout: big: mouth,said,speak"
,rain,EA3E,"cloud: soft: thing: wet,water"
,rainbow,ECDC,"Day,sun: rain: cloud: soft: thing: water,wet"
,Ram,EA50,"man: thing: happy,joy"
,Ramah,EA42,mountain: village: many: neighbor: house: near
,Rameses,EFB4,"Slave: thing: person: part: land,"
,read,E22A,
,reason,E066,"know,knowledge: ?"
,Rebekah,EBD4,"woman: tie,knot"
,rebellion,E193,"no,not: obey: mouth,said,speak: work,do"
,rebuke,E060,"mouth,said,speak: stop: hand: end,finish"
,receive,E1A3,"to,forward: gift: hand: love,compassion"
,reckon,EBC0,very: measure
,reconcile,E026,"help: person: straight: love,compassion: friend"
,red,E287,"hand: water,wet: blood: color"
,redeem,E02C,Money: free: no: chain
,redemption,E02C,Money: free: no: chain
,reed,EA26,big: grass
,Rehoboam,EA5A,man: up: big
,Rehoboth,EEBC,Stretch: village: many: neighbor: house: near
,reject,E193,"No,not: obey: mouth,said,speak,confession: work,do"
,relative,E176,"house: love,compassion"
,religion,EC33,"part,some: believe,faith: know,knowledge: cross"
,remain,E83B,Person: straight
,remember,E0D8,"call: mouth,said,speak: near: head: face"
,repeat,E049,"mouth,said,speak"
,repent,E320,"change,turn: heart"
,repentance,E320,"change,turn: heart"
,Rephaim,EEBD, heal: hand: health: happy: face: heart: people
,report,E22D,"book,learn,read: mouth,said,speak"
,rescue,E214,very: help: people: straight
,Resen,EEBE,Horse: tie: village: many: neighbor: house: near
,rest,E121,
,result,E237,"end,finish: because,reason,purpose,therefore: know,knowledge: ?"
,resurrect,E329,"up: death,dead,die: no,not: heart"
,resurrection,E329,"up: death,dead,die: no,not: heart"
,Reu,EC74,"man: mouth,said,speak"
,Reuben,ECC0,"Man: first: beginning,start"
,Reuel,E1CE,Man: small: hair: face
,Reumah,EFC4,Woman: up
,reveal,E162,"sun,day: eye,see"
,revenge,ED0C,"Backward: hand: equals,same"
,revile,E055,"Mouth,said,speak,confession: bad: no,not: good"
,reward,E02D,"good: money,wealth,wealthy: righteous,righteousness: work,do"
,Rhegium,EC1D,"break: knife,cut: all,whole: village: many: neighbor: house: near"
,Rhesa,EC75,"man: choose: love,compassion: or"
,Rhoda,EB92,woman: flower
,Rhodes,EB25,flower: island: water: land
,rib,EEBF,Heart: bone
,right,E0F3,
,right_time,ED10,"command: mouth,said,speak: !: time,when"
,righteous,E090,"good: work,do"
,righteous_person,E130,"person: good: work,do"
,righteousness,E090,"good: work,do"
,ring,EBDF,Around: finger: hand
,ripe,E236,"end,finish: grow,growth,ripen: up: land,ground,earth"
,ripen,E154,"up: land,ground,earth"
,Riphath,EEC1,OT: Man: no: sleep
,river,E30B,
,road,E23C,
,robber,E0E9,"person: hand: bad: no,not: good"
,rock,E26A,"hard: soft: no,not: thing"
,Rome,EB16,strong: hand: power: big: knife: village: many: neighbor: house: near
,room,EB06,"house: part,some"
,rooster,E25D,"bird: sun,day"
,root,E15C,"land,ground,earth"
,Rosh,E1D2,Man: small: head: face
,rough,EC99,"many: bad: no,not: smooth: good: straight"
,Rufus,E36E,"man: blood: red: hand: wet,water: color"
,ruler,E028,
,run,E258,walk: very
,Ruth,EA57,"woman: friend: person: love,compassion"
,Sabbath,E160,Sun: sleep
,Sabtah,EEC2,OT: man: very: afraid: mouth: heart
,Sabteka,EEC3,OT: man: small: afraid: mouth: heart
,sacrifice,E0B5,"fire,heat,hot: gift: hand: love,compassion"
,sad,E207,
,Sadducee,EA03,Person: mute: mouth: no: up
,said,E03F,
,sail,E267,boat
,saint,E130,"person: righteous,righteousness: good: work,do"
,Salamis,EBE1,"Water,wet: up: village: many,much: neighbor: house: near,close"
,Salathiel,EC76,"man: because,purpose,reason,therefore: know,knowledge:?"
,Salim,EBAE,"peace: love,compassion; rest,lie_down,sleep: small: village: many: neighbor: house: near"
,Salmon,EA53,"man: peace: sleep,rest,lie_down: love,compassion"
,Salmone,EC15,"fabric,clothing: hill: small: mountain"
,Salome,E379,"woman: peace: sleep,rest,lie_down: love,compassion"
,salt,E046,"mouth,said,speak: ."
,salvation,EB80,"god: crown,ruler,king,lord: man: love,compassion: save: very: help: straight: people"
,Samaria,EA83,"watchtower: eye,see: tower: land,ground,earth"
,Samaritan,EA7B,"watchtower: eye,see: tower: person"
,same,E24B,
,Samlah,EFB0,OT: man: clothing
,Samos,EC25,"up: island: wet,water: land,ground,earth"
,Samothrace,EB4C,"fabric,clothing: island: wet,water: land,ground,earth"
,Samson,ED06,"Man: small,few: day,sun"
,Samuel,EB8E,"man: hear,ear: god: crown,ruler,king,lord: love,compassion"
,sanctuary,EB01,"holy: person: thing: land,ground,earth"
,sand,ECFD,"Dry: no,not: water,wet: dirt,soil: land,ground,earth:"
,Sapphira,EB66,woman: face
,Sarah,EBD5,"woman: prince: crown,ruler,king,lord: small,few"
,Sarai,EEC4,OT: woman: small: war
,Sardis,EBF7,"Sheep: soft: village: many,much: neighbor:  house: near,close"
,Satan,E335,"big: bad: no,not: good: spirit: person"
,Saul,EB54,"man: ask,questioned: mouth,said,speak: ?"
,save,E214,very: help: straight: people
,savior,EC85,person: save: very: help: straight: people
,scatter,EA34,"backward: up: forward,to: hand"
,Sceva,EB19,man: left
,scorpion,EC77,"knife,cut: insect"
,scribe,E12C,"person: pen,write"
,Scripture,E22C,"book,read,learn: cross"
,Scythia,ECEB,"Hate,enmity: love,compassion: no,not: land,ground,earth"
,sea,E14D,"big: water,wet"
,Sea_of_Galilee,E350,"ocean,sea: big: water,wet: house: cross"
,Sea_of_Reeds,EB0C,"ocean,sea: big: water,wet: plant,tree,wood"
,Sea_of_Tiberias,EBAF,"stream,river: ocean,sea: big: wet,water"
,seal,E221,Very: closed
,sealed,E221,very: closed
,search,E074,"hand: eye,see"
,Seba,EEC5,OT: man: old: no: new
,secret,E186,"silence,quiet: mouth,said,speak: no,not: ear,hear"
,sect,EC33,"part,some: believe,faith: know,knowledge: cross"
,Secundus,EB1D,man: two
,see,E238,
,seed,E27A,"grain,wheat: small,few"
,Seir,EEC6,Tree: mountain
,Seleucia,EB42,"light: eye,see: day,sun: village: many: neighbor: house: near"
,self,EA95,"very: me,i"
,sell,E32B,"backward: money,wealth,wealthy"
,Semien,EC9E,man: very: have: hand: .
,send,E075,"hand: to,forward"
,sensuality,E239,"bad: no,not: good: eye,see"
,separate,E326,forward: backward
,Sephar,EEC7,Census: person: book: number: land
,Serah,E1D4,Woman: very: clean: water: good
,Sered,EDD1,Man: very: whip
,Sergius,EB45,man: world: people
,Serug,EC78,"man: branch: plant,tree,wood"
,servant,E12D,"person: serve: love,compassion: work,do"
,serve,E08E,"love,compassion: work,do"
,Seth,EC79,"man: beckon,call: mouth,said,speak: near"
,seven,E292,
,sew,E077,hand: person: needle
,sex,EA87,near: person
,sexual_desire,E239,"bad: no,not: good: eye,see"
,shade,E079,"hand: sun,day"
,shake,E27D,
,shame,E065,"know,knowledge: bad: no,not: good: me,i"
,Shammah,EFA0,Man: road
,share,E07A,"hand: friend: person: love,compassion"
,Sharon,EC2B,"Straight: land,ground,earth"
,sharp,EBF3,"Knife,cut"
,Shaul,E1D5,OT: man: small
,shave,EB27,"very: knife,cut: hair: face"
,Shaveh_Kiriathaim,EEC8,Two: land
,Shealtiel,EA68,"man: ask,questioned: mouth,said,speak: ?"
,Sheba,EEC9,Man: truth: good: measure
,Shechem_city,EC95,Under: thing: neck: face: village: many: neighbor: house: near
,Shechem_man,EC97,Man: under: neck: face
,sheep,E270,soft
,Shelah,EC7A,"man: peace: sleep,rest,lie_down: love,compassion"
,Sheleph,EECA,Man: bring: hand: thing
,Shem,EC7B,"man: name: mouth,said,speak: me,i"
,Shemeber,EECB,Man: wing: bird
,Sheol,E0C9,"house: no,not: god: crown,ruler,lord,king: man: love,compassion"
,shepherd,E271,sheep: soft: person
,Shepho,E1D6,Man: small: hair: face
,Shibah,E1D7,Well: water: hole: seven
,shield,E388,
,Shillem,EDD5,Man: avenge: backward: hand: same
,Shiloh,E1D8,Peace: sleep: love: village: many: neighbor: house: near
,Shimron,EFE7,Man: guard: eye: sword
,Shinab,EECC,Man: teeth: mouth: bone
,Shinar,EECD,Teeth: mouth: bone: village: many: neighbor: house: near 
,Shobal,E1D9,Man: sundown: sun: down
,shoe,E12E,person: thing
,shoulder,E132,Arm: person
,shout,E149,"big: mouth,said,speak"
,show,E162,"sun,day: eye,see"
,Shua,E1E7,OT: man: money
,Shuah,EEEE,Man: money
,Shuni,E0E0,Man: secret: quiet: no: mouth: ear
,Shur,E1DA,Sundown: sun: down: land
,sick,E20A,"sad,grieve: heart"
,Siddim,EECE,Straight: valley
,side,E10D,thing
,Sidon_city,E33C,Fish: village: many: neighbor: house: near
,Sidon_man,EECF,Man: fish
,sigh,E047,"mouth,said,speak: air"
,sign,E0A9,"eye,see: thing: mouth,said,speak"
,Silas,EB41,"man: plant,tree,wood"
,silence,E185,"no,not: mouth,said,speak"
,Siloam,EBB1,"send: hand: forward,to: village: many,much: neighbor: house: near,close"
,Silvanus,ECA9,"Man: small,few: money,wealth,wealthy"
,silver,EB2B,"small,few: money,wealth,wealthy"
,Simeon,EA47,"man: ear,hear"
,Simon,EA47,"man: ear,hear"
,Simon_Jesus_brother,EA92,"Man: ear,hear"
,Simon_of_Cyrene,E37C,"man: ear,hear"
,Simon_Peter,E356,"man: ear,hear"
,Simon_the_Canaanite,E364,"man: ear,hear"
,Simon_the_Leper,E0F8,"man: ear,hear"
,sin,E08F,"bad: no,not: righteous,righteousness: good: work,do"
,sinful,E08F,"bad: no,not: righteous,righteousness: good: work,do"
,sing,E0E2,"mouth,said,speak: dance: walk: happy,joy: face"
,Sinites,EED1,Water: land: people
,sinner,E151,"bad: no,not: good: righteous,righteousness: person: work,do"
,sister,E00E,"woman: small,few: love,compassion"
,sisters,E00F,"woman: small,few: love,compassion"
,sit,E298,
,Sitnah,EED2,Hate: no: love: well: water: hole
,six,E291,
,skull,E20F,face
,sky,EC8B,"above,over: up: thing: land,ground,earth"
,slave,E10E,thing: person
,sleep,E121,
,slow,E19C,"small,few: to,forward"
,small,E19B,
,smaller,E32E,"up: many: small,few"
,smallest,E397,"very: small,few"
,smell,E309,
,smoke,EC03,"soft: fire,hot,heat"
,smooth,EC9A,many: good: straight
,Smyrna,EBF5,"Backward: money,wealth,wealthy: village: many,much: neighbor: house: near,close"
,snake,E30C,
,snow,EBFB,"White: no,not: color: rain: cloud: soft: thing: wet,water"
,Sodom,EA8E,"fire,hot,heat: village: many: neighbor: house: near"
,soft,E268,
,soil,E15B,"land,ground,earth"
,sojourner,E158,"person: no,not: land,ground,earth"
,soldier,E12F,"person: war,fight,battle"
,Solomon,EA32,"man: wisdom,wise: know,knowledge: or"
,some,E29B,
,son,E004,"small,few: man: love,compassion"
,Son_of_Man,E352,"small: son: love,compassion: .: man"
,song,E0E2,"mouth,said,speak: dance: walk: happy,joy: face"
,sons,E005,"small,few: man: love,compassion"
,Sopater,EC20,"man: go,travel,trip,journey: with: equal,same: people"
,sorcery,EC8C,"no,not: help: straight: people: god: crown,ruler,king,lord: man: love,compassion"
,Sosipater,EC20,"man: go,travel,trip,journey: with: equal,same: people"
,Sosthenes,EB3C,"man: crown,ruler,king,lord: scripture,bible,word_of_god: book,learn,read: cross: building: synagogue"
,soul,E10F,thing: person
,sound,EBE9,"ear,hear: thing"
,south,EA31,direction
,sow,E07D,"hand: seed: grain,wheat: small,few"
,sower,E133,"person: hand: seed: grain,wheat: small,few"
,space,E153,
,Spain,EBD6,"east: direction: land,ground,earth"
,speak,E03F,
,spend,E32A,"to,forward: money,wealth,wealthy"
,spice,ECFE,"Good: taste: mouth,said,speak,confession: fabric,clothing"
,spirit,E187,"no,not: person"
,spit,E048,"mouth,said,speak: to,forward: wet,water"
,split,E326,
,sponge,EA18,"soft: cup,drink"
,spot,ED01,
,spy,ED07,"Eye,see: mute: mouth,said,speak,confession: no,not: person"
,Stachys,EBD7,"man: part,some: grain,wheat"
,staff,E14C,person: stick
,stair,E0D9,
,stand,E32C,up: straight: person
,star,E0C3,
,start,E231,
,stay,E83B,person: straight
,steal,E07B,"hand: thing: no,not: you"
,stem,EA01,"Plant,tree,wood"
,Stephanas,EBEA,"woman: very: crown,ruler,king,lord"
,Stephen,EB6B,"man: crown,ruler,king,lord"
,stern,E266,boat
,stern_words,ECA7,"Hurt,pain: knife,cut: heart: mouth,said,speak,confession"
,stewardship,E07C,"hand: money,wealth,wealthy"
,stick,E398,
,Stoic,EC06,"person: sad,grieve: because,purpose,reason,therefore: know,knowledge: ?"
,stomach,E0C8,"mouth,said,speak: thing"
,stop,E073,"hand: end,finish"
,storehouse,EC43,"house: eat,food,meal: mouth,said,speak: thing"
,storm,E27C,
,story,E22D,"story: book,read,learn: mouth,said,speak"
,straight,E313,
,stranger,E069,"know,knowledge: spirit: no,not: person"
,strangled,EB33,"kill,destroy: knife,cut: person: no,not: blood: hand: wet,water"
,stream,E30B,
,stretch,E31C,
,string,ECC7,
,strong,E08A,"hand: can,ability,power: big: knife,cut"
,stumble,E257,"walk: bad: no,not: good"
,stumbling_block,EA27,"walk: bad: no,not: good: thing"
,Succoth,E0A0,Move: direction: person: village: many: neighbor: house: near
,suffer,E222,"Very: hurt,pain: knife,cut: heart"
,suffering,E222,"very: hurt,pain: knife,cut: heart"
,summer,E0C4,"time,when: fire,heat,hot"
,sun,E15F,
,sundown,E161,"sun,day: down"
,Susanna,EC7C,woman: good: flower
,sweet,E30D,
,sword,E282,
,synagogue,E0B9,"book,read,learn: cross: scripture,bible,word of god: building"
,Syntyche,ECE6,"Woman: happy,joy: face"
,Syracuse,EC1C,"wet,water: good: village: many: neighbor: house: near"
,Syria,E342,"sun,day: land,ground,earth"
,tabernacle,EB32,"go,journey,travel,trip: building"
,table,E280,
,Tahash,E1DB,Man: animal: out: door: thing
,tail,ECD6,Animal
,take,E088,hand: thing
,Tamar,EA4E,woman: fruit
,tar,EEB9,water: dirty: bad: no: good: clay: dirt: land
,Tarshish_man,EED3,Man: poor: no: money
,Tarshish_village,EED4,Poor: no: money: village: many: neighborhood: house: near
,Tarsus,EC30,"basket: small,few: net: village: many: neighbor: house: near"
,taste,EA07,"tongue: mouth,said,speak:: fabric,clothing: ."
,tax,E02B,"crown,ruler,king,lord: money,wealth,wealthy"
,tax_collector,E12A,"person: crown,ruler,king,lord: money,wealth,wealthy"
,teach,E04C,"mouth,said,speak: book,read,learn"
,teacher,E12B,"person: mouth,said,speak: book,read,learn"
,teaching,E04C,"mouth,said,speak: book,read,learn"
,Tebah,E0B0,Man: believe: know: cross
,teeth,E0B1,"mouth,said,speak: bone"
,Tema,EEED,Man: south: direction
,Teman_land,E1E1,Land: man: color: 
,Teman_man,EF90,Man: color: land
,temple,E03D,cross: building
,tempt,E183,"bad: no,not: good: desire,like,want: love,compassion: heart"
,temptation,E183,"bad: no,not: good: desire,like,want: love,compassion: heart"
,ten,E295,
,tent,EB32,"go,travel,trip,journey: building"
,Terah,EC7D,man: goat: sheep: bone: soft
,Tertius,EBEE,Man: three
,Tertullus,EB9B,"man: know,knowledge: deceive,deception.false,lead_astray,lie: bad: no,not: good: measure"
,test,EC21,"questioned,ask: mouth,said,speak: ?: or"
,testimony,E22E,"mouth,said,speak: you"
,Thaddaeus,E37B,man: soft: heart
,thank,E20E,"happy,joy: face: gift: hand: love,compassion"
,that,E184,"no,not: very: thing"
,them,E125,person: people
,Theophilus,EB67,"man: friend: person: love,compassion"
,therefore,E066,"know,knowledge: ?"
,Thessalonica,EB12,"prevail,triumph,victory: crown,ruler,king,lord: war,fight,battle: village: many: neighbor: house: near"
,Theudas,EB71,"man: deceive,deception,false,lead_astray,lie: bad: no,not: good: measure"
,they,E125,person: people
,thief,E0E9,"person: hand: bad: no,not: good"
,thigh,ED0D,Person
,thing,E105,
,think,E06C,"know,knowledge: head: face"
,think_opinion,E06C,"know,knowledge: head: face"
,think_wonder,E06C,"know,knowledge: head: face"
,thirst,ECCF,"Love,compassion: cup,drink"
,thirsty,ECCF,"Love,compassion: cup,drink"
,this,E226,very: thing
,Thomas,E363,"man: same,equal"
,thorn,E27B,
,thought,E06C,"know,knowledge: head: face"
,thousand,E296,
,three,E28E,
,threshing,EA39,"divide,division,separate,split: grain,wheat"
,threshing_floor,EC42,"split,divide,division,separate: grain,wheat"
,throne,EC84,"crown,ruler,king,lord: chair,sit"
,through,E10B,"thing: to,forward"
,throw,E327,
,thunder,E044,"mouth,said,speak: storm"
,Thyatira,EB52,"nose,smell: village: many: neighbor: house: near"
,Tiberias,EBB0,"very: stream,river: village: many: neighbor: house: near"
,Tiberius,EC3D,man: river
,Tidal,EED5,Man: throw
,tie,E30E,
,Tigris,EED6,Fast_speed: very: forward: river
,Timaeus,E36C,"man: love compassion: blind: no,not: eye,see"
,time,E16A,
,times,E049,"mouth,said,speak"
,Timna_man,E0AD,Man: very: far: no: near
,Timna_woman,EF80,Woman: far: no: near
,Timnah,E1DC,Crooked: no: straight: land
,Timon,EC96,"man: worth: good: money,wealth,wealthy"
,Timothy,EC02,"man: honor: crown,ruler,king,lord: sword"
,Tiras,EED7,Man: have_to: hand; very
,tithe,ED0F,"Part,some: ten"
,Titus,EB38,"man: heal: hand: health: happy,joy: heart"
,to,E318,
,to_clothe,E147,"fabric,clothing: person"
,to_plant,E07D,"hand: seed: grain,wheat: small,few"
,toe,E2C8,Foot: person: part
,Togarmah,EED8,Man: bone
,together_people,E126,
,together_things,E108,
,Tola,E0C0,Man; worm: small: snake
,tomb,E178,"house: dead,death,die: no,not: heart"
,tongue,E045,"mouth,said,speak: fabric,clothing"
,tool,EB34,
,touch,E10C,thing: hand
,tower,E30F,
,Trachonitis,EC3F,"hard: no,not: soft: land,ground,earth"
,transfiguration,E31F,"turn: person: eye,see"
,transfigure,E31F,"turn: person: eye,see"
,travel,E381,
,tree,E244,
,trial,EC87,"justice: to,forward: hand: same: land,ground,earth: "
,tribe,EA81,"big: family: house: love,compassion"
,tribulation,E03E,"cross: very: hurt,pain: knife,cut: heart"
,trip,E381,
,triumph,EB14,"crown,ruler,king,lord: war,fight,battle"
,Troas,EC0B,animal: village: many: neighbor: house: near
,Trophimus,EB1E,"man: book read,learn"
,trouble,E333,"heart: bad: no,not: good"
,TRUE,E09C,
,trumpet,EA79,"big: thing: mouth,said,speak"
,trust,E023,"love,compassion: truth: good: measure"
,truth,E09C,good: measure
,try,EB94,"small,few: work,do"
,Tryphaena,EBD8,"woman: no,not: ability,can,power: big: knife,cut"
,Tryphosa,EBD9,"woman: no,not: pain,hurt: knife,cut: heart"
,Tubal,EED9,Man: thing
,Tubal_Cain,EEEF,Man: thing: thing
,turn,E31E,
,twin,EC1B,"man: love,compassion: equal,same: small,few"
,two,E28D,
,Tychicus,ECBB,"Man: better: good: many,much"
,type,ED00,"Part,some: equals,same"
,Tyrannus,EB3F,"man: bad: no,not: good"
,Tyre,E33B,"hurt,pain: knife,cut: heart: village: many: neighbor: house: near"
,unbelief,E194,"no,not: believe,faith: know,knowledge: cross"
,under,E10A,thing: .
,understand,E063,"know,knowledge: very"
,understanding,E063,"know,knowledge: very"
,unity,E297,one
,unleavened,E043,"mouth,said,speak: grain,wheat: down"
,unrighteous,E08F,"Bad: no,not: righteous: good: work,do"
,unrighteousness,E08F,"Bad: no,not: righteous: good: work,do"
,untie,E37F,"no,not: tie"
,until,E16C,"to,forward: time,when"
,up,E315,
,Ur,EFA5,Old: dry: no: water: land
,Urbanus,EBDA,"man: country,nation: big: land,ground,earth"
,Uriah,EA46,"man: war: light: see,eye: sun,day"
,us,E167,"me,i"
,use,E08D,"thing: work,do"
,useful,E08D,"thing: work,do"
,useless,E190,"no,not: use: thing: work,do"
,Uz_land,E1DD,Land: man: small: know
,Uz_man,EEF1,Man: small: know
,Uzal,EEF2,Man: no: direction
,Uzziah,EA5F,"man: child: small,few: person"
,valley,EBA7,
,value,E09B,"good: money,wealth,wealthy"
,vendor,E0B4,"person: backward: money,wealth,wealthy"
,vengeance,ED0C,"Backward: hand: equals,same"
,very,E211,
,victory,EB14,"crown,ruler,king,lord: war,fight,battle"
,village,E19A,many: neighbor: house: near
,vine,EC91,"small,few: up: plant,tree,wood"
,vineyard,E27F,"fruit: land,ground,earth"
,virgin,EA7E,"pure,clean: wet,water: good: woman"
,vision,EA80,"eye,see: rest,sleep,lie_down"
,visit,E25A,walk: near
,voice,E042,"mouth,said,speak: ear,hear"
,waist,E391,person
,wait,EA11,"stay: person: straight: time,when"
,walk,E256,
,wall,E288,
,want,E020,"love,compassion: heart"
,war,E283,
,warn,E19E,"Small,few: heart"
,wash,E08B,"hand: pure,clean: wet,water: good"
,watchman,E0A8,"eye,see: man"
,watchtower,E23A,"eye,see: tower"
,water,E247,
,wave,E328,"to: wet,water"
,way,E23C,
,we,E167,"me,i"
,weak,EA24,"no,not: strong: hand: can,ability,power: big: knife,cut"
,wealth,E029,
,wealthy,E029,
,weary,EBFE,"Very: no,not; rest,sleep,lie_down"
,wedding,E011,"start,beginning: love,compassion: man: woman"
,week,EBB2,"seven: day,sun"
,weigh,E0E6,hand: measure
,weight,E0E6,hand: measure
,well,EBB3,"wet,water: hole"
,west,EA89,direction
,wet,E247,
,what,E109,"thing: ask,questioned: mouth,said,speak: ?"
,wheat,E279,
,when,E16A,
,where,E15A,"land,ground,earth: ask,questioned: mouth,said,speak: ?"
,whip,E310,
,whisper,E186,"quiet,silence: mouth,said,speak: no,not: ear,hear"
,white,E285,"no,not: color"
,who,E1A1,"person: ask,questioned: mouth,said,speak: ?"
,whole,E251,
,why,E067,"because,purpose,reason,therefore: know,knowledge: ask,questioned: mouth,said,speak: ?"
,wide,ECC4,Stretch: measure
,widow,E016,"woman: love,compassion: no,not"
,wife,E014,"woman: love,compassion"
,wild,E17E,"no,not: peace: rest,sleep,lie down: love,compassion"
,wilderness,E156,"land,ground,earth: no,not: plant,tree,wood"
,will,E020,"Love,compassion: heart"
,wind,E220,"very: to,forward: air"
,window,E311,
,wine,E275,"cup,drink: fruit"
,wing,EB7D,bird
,wings,EB7D,bird
,winnowing_fork,EC41,"grain,wheat: air: tool"
,winter,E16B,"time,when: cold: no,not: fire,heat,hot"
,wisdom,E064,"know,knowledge: or"
,wise,E064,"know,knowledge: or"
,with,E24C,"people: equal,same"
,witness,E22E,"mouth,said,speak: you"
,woman,E008,
,wood,E244,
,wool,EBFA,"Sheep: fabric,clothing"
,word,EBB4,"book,learn,read: small,few"
,Word,EBB8,"crown.ruler,king,lord: bible,scripture,word_of_god: book,learn,read: cross"
,Word_of_God,E22C,"book,read,learn: cross"
,work,E08C,
,world,E129,people
,worm,EA06,"small,few: snake"
,Wormwood,ECD3,"Bad: no,not: good: tongue: mouth,said,speak,confession: clothing: plant,tree,wood"
,worry,E056,"mouth,said,speak: heart"
,worse,E182,"bad: no,not: good: many"
,worship,E04B,"mouth,said,speak: good"
,worth,E09B,"good: money,wealth,wealthy"
,worthy,E09B,"good: money,wealth,wealthy"
,wrap,EA19,thing
,wrath_of_God,E02A,"Crown,king,ruler,lord,master: anger,angry"
,write,E29C,
,writer,E12C,"person: pen,write"
,wrong,EA02,"no,not"
,Yahweh,E0C7,"crown,king,ruler,lord: man"
,year,E15E,"land,ground,earth: around: sun,day"
,yellow,ECDB,"Day,sun: color"
,yes,E09A,good
,yoke,EB09,animal: tool
,you,E314,
,young,E0F1,"small,few: time,when"
,Zaavan,EF70,Man: loud: very: ear
,Zacchaeus,EC7E,"man: pure,clean: wet,water: good"
,Zadok,EA6D,"man: difficult: sad,grieve: work,do"
,Zarephath,EC7F,metal: village: many: neighbor: house: near
,Zebedee,E359,man: father: love
,Zeboyim,EEF3,People: war: village: many: neighborhood: house: near
,Zebulun,EA3F,man: house
,Zechariah,EA98,man: head: face
,Zemarites,EEF4,Sheep: sheep: soft: people
,Zenas,ED09,"Man: lightning: storm: see,eye"
,Zepho,E1DE,Man: watchtower: eye: tower 
,Zephon,E0D0,Man: future: time: forward
,Zerah,EA4D,"man: bright: very: sun,day"
,zero,E28B,
,Zerubbabel,EA69,"man: seed: wheat,grain: small,few"
,Zeus,EB2D,"thunder: mouth,said,speak: storm: spirit: no,not: person"
,Zibeon,EF60,Man: color
,Zillah,EEF5,Woman: shade: hand: sun
,Zilpah,EFA6,Woman: very: straight: grain
,Zimran,E1DF,Man: harvester: person: harvest: hand: grain
,Zoar,EEF6,Least: very: small: village: many: neighborhood: house: near
,Zohar,EFA7,Man: white: no: color
,Zuzites,EEF7,Argument: mouth: wild: no: peace: sleep: love: people