,Aaron,eb0d,Acts 7:40
,Abaddon,ecd7,Rev 9:11
,Abarim,e38b,Num 27:12
,Abda,e7e3,1 Kings 4:6
,Abdeel,e8fc,Jer 36:26
,Abdi,e698,1 Chr 6:44
,Abdiel,e626,1 Chr 16:32
,Abdon_man,e51c,Judg 12:13
,Abdon_village,e605,Josh 21:30
,Abeizer,e557,Judg 8:2
,Abel,ea96,Gen 25:4
,Abel_Beth_Maakah,e5cb,1 Kgs 15:20
,Abel_Keramim,e558,Judg 11:33
,Abel_Meholah,e5c3,1 Sam 18:19
,Abel_Mizraim,efa9,Gen 50:11
,Abiasaph,e2dd,Exod 6:24
,Abiathar,e35f,Mark 2:26
,Abida,eef8,Gen 25:4
,Abidan,e1f7,Num 1:11
,abide,e17b,
,Abiel,e7dc,1 Sam 14:51
,Abiezer,e464,Josh 17:2
,Abigail,e5c4,1 Sam 25:3
,Abihail,e1f8,Num 3:35
,Abihu,e2de,Exod 28:1
,Abihud,e699,1 Chr 8:3
,Abijah_man,ea5b,Luke 1:5
,Abijah_woman,e613,2 Kgs 18:2
,Abilene,ec4d,Luke 3:1
,Abimael,e0fb,Gen 10:28
,Abimelech,e0ab,Gen 26:1
,Abinadab,e4e6,1 Sam 31:2
,Abinoam,e56b,Judg 5:12
,Abiram,e480,Num 16:1
,Abishag,e4ac,1 kgs 1:3
,Abishai,e6cb,1 Sam 26:9
,Abishua,e69a,1 Chr 6:4
,Abishur,e753,1 Chron 2:28
,Abital,e721,1 Chron 3:3
,Abitub,e65f,1 Chr 8:11
,Abiud,ea6a,Matt 1:13
,Abner,e484,1 Sam 14:50
,abomination,e0a4,
,about,e11b,
,above,e110,
,Abraham,e373,Matt 1:1
,Abram,e1d1,Gen 12:1
,Abronah,e3d6,Num 33:34
,Absalom,e4ad,1 Kgs 1:6
,Abyss,ec4e,Luke 8:31
,according_to,e24d,
,accuse,e055,
,Achaia,eb7c,Acts 18:12
,Achaicus,eca5,1 Cor 16:17
,Achan,e4f5,Josh 22:20
,Achim,ea6e,Matt 1:14
,Achish,e45e,1 Sam 21:10
,Achor,e4cc,Josh 15:7
,Adadah,e4cd,Josh 15:20
,Adah,eda7,Gen 4:19
,Adaiah,e5f4,1 Chr 9:12
,Adam_man,ec4f,Gen 2:17
,Adam_village,e4f6,Josh 3:16
,Adamah,e5a1,Josh 19:36
,Adami_Nekeb,e5b1,Josh 19:33
,Adbeel,e0fe,Gen 25:13
,Addar,e4ce,Josh 15:3
,Addi,ec50,Luke 3:28
,Addumim,e4cf,Josh 15:7
,Adiel,e5f5,1 Chr 9:12
,Adin,e826,Ezra 2:15
,Adina,e7fc,1 Chron 11:42
,Adithaim,e4d0,Josh 15:26
,Adlai,e87b,1 Chron 27:29
,Admah,eda8,Gen 10:19
,Admin,ec51,Luke 3:33
,Adnah,e782,2 Chron 17:14
,Adoni_Zedek,e427,Josh 10:1
,Adonijah,e4ae,1 kgs 1:5
,Adoniram,e7e4,1 Kings 4:6
,adopt,e177,
,Adoraim,e74f,2 Chron 11:9
,Adrammelek,e6a2,2 Kgs 17:31
,Adramyttium,eb93,Acts 27:2
,Adriatic_Sea,ec17,Acts 27:27
,Adriel,e5c5,1 Sam 18:19
,Adullam,efaa,Gen 38:1
,adultery,e027,
,Aeneas,ec2a,Acts 9:33
,Aenon,eba1,John 3:23
,afraid,e056,
,after,e11d,
,Agabus,eb89,Acts 11:28
,Agag,e3e0,Num 24:27
,against,e330,
,Agee,e7f1,2 Sam 23:11
,Agrippa,eb9d,Acts 25:13
,Agur,e6c8,Pro 30:1
,Ahab,e60d,Mic 6:16
,Aharhel,e722,1 Chron 4:8
,Ahasbai,e7f2,2 Sam 23:34
,Ahasuerus,e48f,Esth 1:1
,Ahava,e975,Ezra 8:15
,Ahaz,ea61,Matt 1:9
,Ahaziah,e614,2 Kgs 1:2
,Ahban,e754,1 Chron 2:29
,Ahi,e627,1 Chr 5:15
,Ahiam,e7fd,1 Chron 11:35
,Ahian,e757,1 Chron 7:19
,Ahiezer,e2ab,Num 1:12
,Ahihud,e3e1,Num 34:27
,Ahijah,e7e5,1 Kings 4:3
,Ahikam,e689,2 Kgs 22:12
,Ahilud,e7e6,1 Kings 4:3
,Ahimaaz,e7e7,1 Kings 4:15
,Ahiman,e2ac,Num 13:22
,Ahimelech,e45f,1 Sam 21:1
,Ahimoth,e660,1 Chr 6:25
,Ahinadab,e7e8,1 Kings 4:14
,Ahinoam,e7e9,1 Sam 25:43
,Ahio,e5f6,1 Chr 9:37
,Ahira,e2f4,Num 1:15
,Ahiram,e3a1,Num 26:38
,Ahisamak,e0bb,Exod 31:6
,Ahishahar,e758,1 Chron 7:10
,Ahishahar,e930,1 Chron 7:10
,Ahishar,e960,1 Kgs 4:6
,Ahithophel,e7f3,2 Sam 16:15
,Ahitub,e7dd,1 Sam 14:3
,Ahlab,e56c,Judg 1:31
,Ahlai,e759,1 Chron 2:31
,Ahumai,e723,1 Chron 4:2
,Ahuzzam,e724,1 Chron 4:6
,Ahuzzam,e931,1 Chron 4:6
,Ahuzzath,eda9,Gen 26:26
,Ahzai,e87f,Neh 11:13
,Ai,edaa,Gen 13:3
,Aiah,e0fd,Gen 36:24
,Aijalon,e428,Josh 10:12
,Ain,e3e6,Num 34:11
,air,e312,
,Akan,efe5,Gen 36:27
,Akbor,e0ed,Gen 36:38
,Akkad,edab,Gen 10:10
,Akko,e56d,Judg 1:31
,Akkub,e725,1 Chron 3:24
,Akkum,e932,1 Chron 9:17
,Akrabbim,e3d7,Num 34:4
,Aksah,e4d1,Josh 15:16
,Akshaph,e43b,Josh 12:20
,Akzib,e48e,Mic 1:14
,alabaster,e0d4,
,Alemeth_man,e5f8,1 Chr 9:42
,Alexander,ea14,Acts 19:33
,Alexandria,eb5a,Acts 18:24
,alive,e09f,
,all,e251,
,Allammelek,e5a9,Jos 19:26
,Allon,e700,1 Chron 4:37
,Allon_Bakuth,efab,Gen 35:8
,allow,e04a,
,Almodad,edac,Gen 10:26
,Almon,e4f7,Josh 21:18
,Almon_Diblathaim,e3d8,Num 33:46
,alone,e223,
,Alphaeus,ec24,Acts 1:13
,altar,ea3c,Gen 8:20
,Alush,e3d9,Num 33:13
,Alvah,efe6,Gen 36:40
,Alvan,efe8,Gen 36:23
,always,e252,
,Amad,e59a,Jos 19:26
,Amal,e75a,1 Chron 7:35
,Amalek_man,efe9,Gen 36:12
,Amam,e4d2,Josh 15:26
,Amariah,e526,Zeph 1:1
,Amasa,e961,1 Kgs 2:5
,Amasai,e661,1 Chr 6:25
,Amashsai,e880,Neh 11:13
,Amasiah,e783,2 Chron 17:16
,amazed,e14a,
,Amaziah,e450,2 Kgs 12:21
,ambassador,ebfd,
,amen,e100,
,Amittai,e1cf,Jonah 1:1
,Ammah,e6d3,2 Sam 2:24
,Ammiel,e2ad,Num 13:12
,Ammihud,e2ae,Num 1:10
,Amminadab,ea51,Matt 1:4
,Ammishaddai,e2af,Num 1:12
,Ammizabad,e87c,1 Chron 27:6
,Ammon,edae,Gen 19:38
,Amnon,e727,1 Chron 3:1
,Amok,e881,Neh 12:20
,Amon,ea64,Matt 1:10
,Amorites,edaf,Gen 10:16
,Amos,ec47,Amos
,Amoz,e5ca,Isa 1:1
,Amphipolis,eb2e,Acts 17:1
,Ampliatus,ebb9,Rom 16:8
,Amram,e2df,Exod 6:18
,Amraphel,edb1,Gen  14:1
,Anab,e4d3,Josh 15:50
,Anah,e0ba,Gen 36:2
,Anaharath,e59b,Jos 19:19
,Anak,e2b0,Num 13:22
,Anam,edb2,Gen 10:13
,Anan,e882,Neh 10:26
,Anani,e702,1 Chron 3:2
,Ananiah,e883,Neh 3:23
,Ananias,eb65,Acts 23:2
,Anath,e56e,Judg 5:6
,Anathoth_man,e75b,1 Chron 7:8
,Anathoth_village,e4f8,Josh 21:18
,ancestor,ec80,
,and,e11c,
,Andrew,e357,Matt 4:18
,Andronicus,ebba,Rom 16:7
,Aner_man,edb3,Gen  14:13
,angel,e0a7,
,anger,e204,
,Aniam,e75c,1 Chron 7:19
,Anim,e4d4,Josh 15:50
,animal,e102,
,Anna,eb02,Luke 2:36-38
,Annas,eb63,Acts 4:6
,anointed,e033,
,another,ebf2,
,Anthothijah,e662,1 Chr 8:24
,Antichrist,ed0e,1 John 4:3
,Antioch,eb58,Acts 6:5
,Antipas,ec01,Rev 2:13
,Antipatris,eb9a,Acts 23:31
,Anub,e703,1 Chron 4:8
,Apelles,ebbb,Rom 16:10
,Aphek,e43c,Josh 12:18
,Aphekah,e4d5,Josh 15:53
,Aphiah,e6cc,1 Sam 9:1
,Apollonia,eb30,Acts 17:1
,Apollos,eb3e,Acts 18:24
,apostle,ebef,
,Appaim,e75d,1 Chron 2:30
,Apphia,ecf1,Phil 1:2
,appointed,e041,
,Aquila,eb17,Acts 18:2
,Ar,e3a2,Num 21:15
,Ara,e75e,1 Chron 7:38
,Arab,e4d6,Josh 15:52
,Arabia,eb77,Gal 1:17
,Arad_man,e3a3,1 Chr 8:15
,Arad_village,e3e7,Num 33:40
,Arah_land,e545,Josh 13:4
,Arah_man,e75f,1 Chron 7:39
,Aram_man,edb4,Gen 10:22
,Aran,e0fa,Gen 36:28
,Ararat,edb5,Gen 8:4
,Araunah,e7f4,2 Sam 23:16
,Archippus,ece7,Col 4:17
,Ard,e0ff,Gen 46:21
,Ardon,e760,1 Chron 2:18
,Areli,efac,Gen 46:16
,Areopagus,ec35,Acts 17:19
,Aretas,eca6,2 Cor 11:32
,Argob_land,e495,Deut 3:4
,Argob_man,e71e,2 Kgs 15:25
,argument,e057,
,Arieh,e6a3,2 Kgs 15:25
,Ariel,e7fe,1 Chron 11:22
,Arimathea,e34d,Matt 27:57
,Arioch,edb6,Gen  14:1
,arise,e322,
,Aristarchus,ec10,Acts 20:3
,Aristobulus,ebbc,Rom 16:10
,Arkites,edb7,Gen 10:17
,arm,e14e,
,Armoni,e752,2 Sam 21:8
,armor,ebbd,
,Arnan,e704,1 Chron 3:21
,Arni,ec52,Luke 3:33
,Arnon,e2f5,Num 21:13
,Arodi,e168,Gen 46:16
,Aroer,e3c5,Num 32:34
,around,e31b,
,Arpad,e615,2 Kgs 18:34
,Arphaxad,ec53,Luke 3:36
,arrow,ecbf,
,Artaxerxes,e884,Neh 2:1
,Artemas,ec34,Acts 19:24
,Arubboth,e962,1 Kgs 4:10
,Arumah,e56f,Judg 9:40
,Arvad,edb8,Gen 10:18
,Arza,e690,1 Kgs 16:9
,Asa,ea5c,Matt 1:7
,Asahel,e6d4,2 Sam 2:18
,Asaiah,e5f9,1 Chr 9:5
,Asaph,e5fa,1 Chr 9:19
,Asarel,e705,1 Chron 4:16
,Asenath,efad,Gen 41:45
,ash,ea90,
,ashamed,e05f,
,Ashan,e4d7,Josh 15:42
,Asharelah,e87d,1 Chron 25:2
,Ashbel,efae,Gen 46:21
,Ashdod,e451,Josh 11:22
,Asher_land,e606,Josh 17:7
,Asher_man,ebde,Gen 30:13
,Asherah,e0bc,Exod 34:13
,Ashhur,ebdd,1 Chr 2:24
,Ashkelon,e452,Judg 1:18
,Ashkenaz,edb9,Gen 10:3
,Ashnah,e4d8,Josh 15:33
,Ashpenaz,e867,Dan 1:3
,Ashtaroth,e429,Josh 9:10
,Ashtiroth_Karnaim,edba,Gen 14:5
,Ashur_land,e0ef,Josh 17:7
,Ashur_man,edbb,Gen 10:22
,Ashurbanipal,e923,Ezra 4:10
,Ashvath,e761,1 Chron 7:33
,Asia,eb6f,Acts 6:9
,Asiel,e706,1 Chron 4:35
,Asnah,e827,Ezra 2:50
,Asriel,e3a4,Num 26:31
,Asshurites,e1ef,Gen 25:3
,Assir,e2bf,Exod 6:24
,Assos,eb20,Acts 20:13
,assurance,e070,
,Assyria,edbc,Gen 10:11
,Asyncritius,ebbe,Rom 16:14
,Atad,efaf,Gen 50:10
,Atarah,e762,1 Chron 2:25
,Ataroth,e3c6,Num 32:3
,Ataroth_Addar,e465,Josh 16:5
,Ataroth_Shophan,e3c7,Num 32:35
,Ater,e828,Ezra 2:16
,Athaiah,e885,Neh 11:4
,Athaliah_man,e663,1 Chr 8:26
,Athaliah_woman,e616,2 Kgs 11:1
,Atharim,e3a5,Num 21:1
,Athens,eb07,Acts 17:15
,Athlai,e924,Ezra 10:28
,Attai,e750,2 Chron 11:20
,Attalia,eb31,Acts 14:25
,authority,e034,
,avenge,ed0c,
,Avith,efea,Gen 36:35
,Avvites,e496,2 Kgs 17:31
,awake,ec54,
,away,e11e,
,Awel_Marduk,e7cc,2 Kgs 25:27
,Azaliah,e68a,2 Kgs 22:3
,Azaniah,e886,Neh 3:23
,Azarel,e7ff,1 Chron 12:6
,Azariah,e972,1 Chron 2:7
,Azaziah,e763,1 chron 15:21
,Azekah,e42a,Josh 10:10
,Azel,e5fb,1 Chr 9:43
,Azgad,e829,Ezra 2:12
,Aziza,e8d9,Ezra 10:27
,Azmaveth_man,e5fc,1 Chr 9:42
,Azmaveth_village,e5c7,Ezra 2:29
,Azmon,e3da,Num 34:5
,Azor,ea6c,Matt 1:14
,Azotus,eb7e,Acts 8:40
,Azriel,e628,1 Chr 5:24
,Azrikam,e5fd,1 Chr 9:14
,Azubah,e69c,1 Kgs 22:42
,Azzan,e3e2,Num 34:26
,Azzur,e887,Neh 10:17
,Baal,ebbf,Rom 11:4
,Baal_Gad,e44b,Josh 11:17
,Baal_Hanan,e169,Gen 36:38
,Baal_Hazor,e7f5,2 Sam 13:23
,Baal_man,e5fe,1 Chr 9:36
,Baal_Meon,e3c8,Num 32:38
,Baal_Shalishah,e6a4,2 Kgs 24:42
,Baal_Zephon,e0bd,Exod 14:2
,Baalah,e4d9,Josh 15:29
,Baalis,e8fd,Jer 40:14
,Baanah,e488,2 Sam 4:2
,Baara,e664,1 Chr 8:8
,Baaseiah,e665,1 Chr 6:40
,Baasha,e5cc,1 Kgs 15:16
,baby,e0a6,
,Babylon,ea67,Acts 7:43
,backward,e325,
,bad,e17d,
,bag,e26f,
,Bahurim,e963,1 Kgs 2:8
,Bakbakkar,e5ff,1 Chr 9:15
,Bakbuk,e82a,Ezra 2:51
,Bakbukiah,e888,Neh 11:17
,Balaam,eca1,2 Pet 2:15
,Baladan,e6a5,2 Kgs 20:12
,Balak,ebff,Rev 2:14
,Bamoth_land,e3c0,Num 21:19
,Bani,e600,1 Chr 9:14
,bank,ec55,
,banner,e2b1,
,baptize,e24a,
,Barabbas,e36d,Matt 27:16
,Barachiah,ea97,Matt 23:35
,Barak,ed02,Heb 11:32
,Barakel,e862,Job 32:2
,Bariah,e728,1 Chron 3:22
,Barkos,e82b,Ezra 2:53
,Barnabas,ec2f,Acts 9:27
,Barsabbas,eb69,"Acts 15:22,27"
,Bartholomew,e362,Matt 10:3
,Bartimaeus,e36b,Mark 10:46
,Baruch,e889,Neh 3:21
,Barzillai,e964,1 Kgs 2:7
,Basemath,edbd,Gen 26:34
,Bashan,e3a6,Num 21:33
,basket,e19f,
,Bathsheba,e4af,1 Kgs 1:11
,Bazluth,e82c,Ezra 2:52
,Bealiah,e800,1 Chron 12:5
,Bealoth,e4da,Josh 15:24
,bear,ecef,
,bear_with,e227,
,beast,e103,
,beat,e0e4,
,beauty,ea4a,
,Bebai,e82d,Ezra 2:11
,because,e066,
,become_person,e83a,
,become_thing,e839,
,bed,e122,
,Bedad,e1ee,Gen 36:35
,Bedeiah,e8da,Ezra 10:35
,Beer,e3a7,Num 21:16
,Beer_Lahai_Roi,eef9,Gen 16:14
,Beerah,e629,1 Chr 5:6
,Beeri,edbe,Gen 26:34
,Beeroth,e42b,Deut 10:6
,Beersheba,edbf,Gen 26:33
,before,e107,
,beg,e21e,
,behind,e116,
,Beker,efb1,Gen 46:21
,Bekorath,e6cd,1 Sam 9:1
,Bela_man,e1ed,Gen 14:2
,Bela_village,edc1,Gen 14:8
,believe,e06f,
,bell,e0be,
,Belshazzar,e868,Dan 5:1
,belt,e29d,
,Ben_Abinadab,e965,1 Kgs 4:11
,Ben_Ammi,edc2,Gen 19:38
,Ben_Deker,e966,1 Kgs 4:9
,Ben_Hadad,e453,1 Kgs 15:18
,Ben_Hail,e784,2 Chron 17:7
,Ben_Hanan,e708,1 Chron 4:20
,Ben_Hesed,e967,1 Kgs 4:10
,Ben_Hinnom,e4db,Josh 15:8
,Ben_Hur,e968,1 Kgs 4:8
,Ben_oni,e1a4,Gen 35:18
,Benaiah,e4b0,1 Kgs 1:8
,Bene_Berak,e59c,Jos 19:45
,Bene_Jaakan,e3db,Num 33:31
,Beninu,e88a,Neh 10:13
,Benjamin_land,e5cd,1 Kgs 15:22
,Benjamin_man,eb4b,Gen 35:18
,Beno,e7d1,1 Chron 24:26
,Beon,e3c9,Num 32:3
,Beor,eda3,Gen 36:32
,Bera,edc3,Gen 14:2
,Beraiah,e666,1 Chr 8:21
,Berakah,e801,1 Chron 12:3
,Berea,eb13,Acts 17:10
,Bered_city,e2d0,Gen 16:14
,Bered_man,efb2,I Chr 7:20
,Berekiah,e977,Zech 1:1
,Beri,e764,1 Chron7:36
,Beriah,efb3,Gen 46:17
,Bernice,eb9e,Acts 25:13
,Berothai,e718,2 Sam 8:8
,Besai,e82e,Ezra 2:49
,beside,e117,
,best,e21f,
,Beten,e59d,Jos 19:25
,Beth_Anath,e4dc,Josh 15:59
,Beth_Arabah,e4b8,Josh 15:6
,Beth_Arbel,e6c4,Hos 10:14
,Beth_Ashbea,e709,1 Chron 4:21
,Beth_Aven,e546,Josh7:2
,Beth_Baal_Meon,e547,Josh 13:17
,Beth_Barah,e571,Judg 7:24
,Beth_Dagon,e4b9,Josh 15:41
,Beth_Diblathaim,e8fe,Jer 48:22
,Beth_Eden,e454,Amos 1:5
,Beth_Emek,e59e,Jos 19:27
,Beth_Ezel,e43a,Mic 1:11
,Beth_Gamul,e8ff,Jer 48:23
,Beth_Hakkerem,e88b,Neh 3:14
,Beth_Haran,e479,Num 32:36
,Beth_Hoglah,e4ba,Josh 15:6
,Beth_Horon,e42c,Josh 10:10
,Beth_Jeshimoth,e3dc,Num 33:49
,Beth_Leaphrah,e491,Mic 1:10
,Beth_Markaboth,e59f,Jos 19:5
,Beth_Meon,e900,Jer 48:23
,Beth_Millo,e572,Judg 9:6
,Beth_Pazzez,e5a0,Jos 19:21
,Beth_Pelet,e4bb,Josh 15:27
,Beth_Peor,e423,Deut 3:29
,Beth_Rapha,e70a,1 Chrn 4:12
,Beth_Shan,e4e7,1 Sam 31:10
,Beth_Shemesh,e4f9,Josh 21:16
,Beth_Shittah,e573,Judg 7:22
,Beth_Zur_city,e766,1Chron 2:45
,Beth_Zur_man,eb79,1 Chron 2:45
,Bethany,e349,Matt  21:17
,Bethel,edc4,Gen 12:8
,Bethesda,eba0,John 5:2
,Bethlehem_man,e765,1 Chro  2:54
,Bethlehem_village,ea45,Matt 2:1
,Bethphage,e348,Matt 21:1
,Bethsaida,e340,Matt 11:21
,Bethuel_city,e1e0,I Chr 4:30
,Bethuel_man,e1a0,Gen 22:22
,Betonim,e548,Josh 13:26
,betray,e195,
,better,e09e,
,between,e118,
,Bezalel,e0bf,Exod 31:2
,Bezek,e574,Judg 1:4
,Bezer_man,e767,1 Chron 7:37
,Bezer_village,e466,Deut 4:43
,Bible,e22c,
,Bidkar,e617,2 Kgs 9:25
,big,e120,
,Bigthana,e492,Esth 6:2
,Bigvai,e82f,Ezra 2:2
,Bikri,e719,2 Sam 20:1
,Bildad,e7c8,Job 2:11s
,Bilgah,e7d2,1 Chron 24:14
,Bilgai,e88c,Neh 10:8
,Bilhah_village,e707,1 Chron 4:29
,Bilhah_woman,eefa,Gen 29:29
,Bilhan,efeb,Gen 36:27
,Bilshan,e830,Ezra 2:2
,Bimhal,e768,1 Chron 7:33
,Binea,e601,1 Chr 9:43
,Binnui,e88d,Neh 3:18
,bird,e25c,
,Birsha,edc5,Gen 14:2
,birth,e235,
,Birzaith,e769,1 Chron 7:31
,Bishlam,e8db,Ezra 4:7
,Bithynia,eb48,Acts 16:7
,bitter,ecd2,
,Biziothiah,e4bc,Josh 15:28
,black,eb86,
,blasphemy,e05b,
,Blastus,eb8d,Acts 12:20
,bless,e05c,
,blessed,ea21,
,blind,e192,
,blood,e087,
,blue,ecda,
,boast,e14b,
,boat,e265,
,Boaz,ea54,Matt 1:5
,body,e143,
,Bohan,e4bd,Josh 16:6
,Bokeru,e602,1 Chr 9:44
,Bokim,e575,Judg 2:1
,bone,e0b2,
,book,e22a,
,bottom,e119,
,bow,e210,
,bow_arrow,ecc8,
,bowl,e384,
,box,e29e,
,boy,e001,
,boys,e002,
,Bozkath,e4be,Josh 15:39
,Bozrah,efec,Gen 36:33
,branch,e246,
,brave,e196,
,bread,e05d,
,break,e0e1,
,breast,e2db,
,breastplate,ecd5,
,breath,ecee,
,bribe,ebdb,
,brick,eefb,
,bride,e015,
,bright,e21b,
,bring,e088,
,bronze,eb2c,
,brother,e006,
,brothers,e007,
,Bubastis,e922,Eze 30:17
,build,e17a,
,building,e0a1,
,Bukki,e3e3,Num 34:22
,Bunah,e76a,1 Chron 2:25
,Bunni,e88e,Neh 10:15
,burden,ec86,
,burn,ecd0,
,bury,e0d7,
,but,e11a,
,buy,e32a,
,Buz,e1a5,Gen 22:21
,Buzi,e8f1,Ezek 1:3
,Caesar,e370,Acts 26:32
,Caesarea,e346,Matt 16:13
,Caiaphas,ea77,Matt 26:3
,Cainan,ec56,Luke 3:36
,Calah,edc6,Gen 10:12
,Caleb,e2b2,Num 13:6
,call,e040,
,camel,e29f,
,Cana,eba2,John 2:11
,Canaan_land,e33d,Acts 7:11
,Canaan_man,edc7,Gen 9:18
,Candace,eb85,Acts 8:27
,Capernaum,e33a,Matt 4:13
,Cappadocia,eb74,Acts 2:9
,Carchemish,e714,Isa 10:9
,careful,e19e,
,Carmel,e43d,Josh 12:22
,carpenter,e14f,
,Carpus,ecad,2 Tim 4:13
,case,ec87,Exod 18:22
,catch,e115,
,Cauda,ec36,Acts 27:16
,cave,eda6,
,Cenchrea,eb3d,Acts 18:18
,census,e0b8,
,centurion,eb7a,
,ceremony,ec88,
,chain,e25f,
,chair,e298,
,Chaldea,eb0e,Jer 50:10
,change,e31e,
,chapter,e230,
,chariot,ec82,
,Chemosh,e3a8,Num 21:29
,chew_cud,e2da,Lev 11:3
,child,e200,
,children,e201,
,Chios,eb22,Acts 20:15
,Chloe,ebe2,1 Cor 1:11
,choose,e021,
,Chorazin,ea8f,Matt 11:21
,Christ,e334,Matt 1:1
,Christian,eb90,Acts 26:28
,Chronicles,e419,
,church,ebfc,
,Chuza,ec57,Luke 8:3
,Cilicia,eb5b,Acts 6:9
,circumcise,e250,
,citizen,eb98,
,Claudia,ecae,2 Tim 4:21
,Claudius,eb8a,Acts 11:28
,clay,ebec,
,clean,e248,
,Clement,ece3,Phil 4:3
,Cleopas,ec58,Luke 24:18
,cloak,ea76,
,Clopas,ebb5,John 19:25
,closed,e23f,
,clothe,e147,
,clothing,e253,
,cloud,e26e,
,Cnidus,ec14,Acts 27:7
,cohort,e148,
,cold,e0f2,
,color,e284,
,Colossae,ece8,Col 1:2
,come,e25a,
,comfort,ea3b,
,command,e058,
,complete,ecec,
,concubine,eefc,
,condemn,ea7f,
,confuse,eb08,
,control,e332,
,Corinth,ea59,Acts 18:1
,Cornelius,eb81,Acts 10:1
,corner,eb83,
,cornerstone,e21c,
,correct,e09a,
,Cosam,ec59,Luke 3:28
,couch,eb5f,
,council,e0f7,
,country,e0a2,
,countrymen,e157,
,countryside,eb96,
,courtyard,e0f6,
,covenant,e21d,
,cover,e39a,
,cow,eb36,
,creation,ebc3,
,Creator,ec22,Rom 1:25
,Crescan,ecaf,2 Tim 4:10
,Crete,ec8d,Acts 27:7
,Crispus,eb3a,Acts 18:8
,crooked,eb39,
,cross,e038,
,crowd,e128,
,crown,eda4,
,crucify,e03c,
,crush,e146,
,cry,e20c,
,cup,e274,
,curse,e05a,
,curtain,e254,
,Cush_land,e1e2,Isa 11:11
,Cush_man,edca,Gen 10:6
,Cushan_Rishathaim,e47b,Judg 3:8
,Cushi,e610,Zeph 1:1
,custom,eb10,
,cymbal,ebe3,
,Cypress,edcb,Gen 6:14
,Cyprus,eb88,Acts 4:36
,Cyrene,eb59,Matt 27:32
,Cyrus,e831,Ezra 1:1
,Dabbesheth,e5a2,Jos 19:10
,Dagon,e4e8,2 Sam 10:10
,Dalmanutha,e344,Mark 8:10
,Dalmatia,ecb1,2 Tim 4:10
,Damaris,eb37,Acts 17:34
,Damascus,ec31,Gen  14:15
,Dan_land,edcc,Gen 14:14
,Dan_man,edcd,Gen 30:6
,dance,e259,
,Daniel,ea78,Matt 24:15
,Dannah,e4bf,Josh 15:49
,Darda,e969,1 Kgs 4:31
,Darius,e490,Hag 1:1
,dark,ea17,
,Darkon,e832,Ezra 2:56
,Dathan,e2f7,Num 16:1
,daughter,e00c,
,daughters,e00d,
,David,e35e,Matt 1:1
,dead,e181,
,deaf,e191,
,Debir_city,e43e,Josh 10:38
,Debir_man,e42d,Josh 10:3
,Deborah,efb5,Gen 35:8
,Decapolis,e33e,Matt 4:25
,deceive,e17f,
,deceiver,e152,
,Dedan_man,edce,Gen 10:7
,Dedan_village,e7ca,Isa 21:13
,deep,e321,
,deer,efb6,
,Delaiah,e70c,1 Chron 3:24
,Delilah,e576,Judg 16:4
,Demes,ecb2,2 Tim 4:10
,Demetrius,eb1a,Acts 19:24
,demon,eb87,
,denarius,e165,Matt 22:19
,deny,e0e5,
,Derbe,eb43,Acts 14:6
,descend,e317,
,descendant,eb60,
,desire,e020,
,Deuel,e2b3,Num 1:14
,Diblaim,e595,Hos 1:3
,Dibon,e3a9,Num 21:30
,Dibon_Gad,e3e8,Num 33:45
,Dibri,e2ef,Lev 24:11
,Didymus,ebb6,John 11:16
,different,ecff,
,difficult,e093,
,Diklah,e1ac,Gen  10:27
,Dilean,e4c0,Josh 15:38
,Dimonah,e4c1,Josh 15:22
,Dinah,efb7,Gen 30:21
,Dinhabah_city,efed,Gen 36:32
,Dionysius,eb78,Acts 17:34
,Diotrephes,ece2,3 John 1:9
,direction,e323,
,dirt,e15b,
,dirty,e249,
,disciple,e142,
,discipline,eda5,
,discourage,e261,
,Dishan,e1ec,Gen 36:21
,Dishon,efee,Gen 36:21
,disobey,e193,
,divide,e326,
,divorce,ea3d,
,Dizahab,e481,Deut 1:1
,doctor,e144,
,Dodanim,edcf,Gen  10:4
,Dodavahu,e812,2 Chron 20:35
,Dodo,e51d,Judg 10:1
,Doeg,e460,1 Sam 21:7
,dog,e104,
,dominion,e032,
,donkey,ea09,
,door,e23e,
,Dophkah,e3dd,Num 33:12
,Dor,e43f,Josh11:2
,Dorcas,ec2c,Acts 9:36
,Dothan,efa3,Gen 37:17
,doubt,e194,
,dough,ea36,
,dove,e25e,
,down,e319,
,dragon,ecdf,
,dream,ea80,
,drunk,ea8d,
,Drusilla,eb9c,Acts 24:24
,dry,e188,
,Dumah_man,eefd,Gen 25:64e
,Dumah_village,e64e,Josh 15:52
,dust,e15d,
,eagle,ecc9,
,ear,e299,
,earn,e0f5,
,earthquake,e159,
,east,ea38,
,easy,e092,
,eat,e053,
,Ebal,efef,Gen 36:23
,Ebed,e577,Judg 9:26
,Ebed_Melek,e901,Jer 38:7
,Eber_land,e497,Num 24:24
,Eber_man,ec5a,Gen 10:21
,Ebez,e5a3,Jos 19:20
,Ecbatana,e833,Ezra 6:2
,Eden_garden,edd2,Gen  2:8
,Eden_man,e1e9,2 Chr 29:12
,Eden_village,e6a6,2 Kgs 19:12
,Eder_man,e76b,1 Chron 23:23
,Eder_village,e4c2,Josh 15:21
,Edom_land,e1a7,Gen 32:3
,Edom_man,e1a6,Gen 25:30
,Edrei,e474,Josh 19:37
,egg,e482,
,Eglah,e70d,1 Chron 3:3
,Eglaim,e8b9,Isaiah 15:18
,Eglon_man,e60c,Judg 3:12
,Eglon_village,e42e,Josh 10:3
,Egypt,ea44,Matt 2:13
,Ehi,efb8,Gen 46:21
,Ehud,e578,Judg 4:1
,eight,e293,
,Eker,e76c,1 Chron 2:27
,Ekron,e455,Josh 13:3
,El,edd3,Gen 35:17
,El_Elohe,e1e4,Gen 33:20
,Elah,e1a9,Gen  36:41
,Elam_land,eb6d,Gen 14:1
,Elam_man,edd4,Gen 10:22
,Elath,e498,Deut 2:8
,Eldaah,e1e3,Gen 25:4
,Eldad,e2b4,Num 11:26
,elder,eb62,
,Elead,e76d,1 Chron 7:21
,Eleadah,e76e,1 Chron 7:20
,Elealeh,e3ca,Num 32:3
,Eleasah,e603,1 Chr 9:43
,Eleazar,ea70,Exod 6:23
,elect,ec9f,
,Elhanan,e70e,1 Chron 20:5
,Eli,ec44,1 Sam 1:3
,Eliab,e2b5,Num 1:9
,Eliada,e5cf,1 Kgs 11:23
,Eliahba,e802,1 Chron 11:33
,Eliakim,ea6b,Matt 1:13
,Eliashib,e70f,1 Chron 3:24
,Eliathah,e855,1 Chron 25:4
,Elidad,e3e4,Num 34:21
,Eliehoenai,e667,1 Chr 26:3
,Eliel,e62a,1 Chr 5:24
,Elienai,e668,1 Chr 8:20
,Eliezer,ec5b,Gen 15:2
,Elihoreph,e96a,1 Kgs 4:9
,Elihu,e4e9,1 Sam 1:1
,Elijah,e36a,1 Kgs 17:1
,Elika,e7f6,2 Sam 23:25
,Elim,e0ca,Exod 15:27
,Elimelek,e41e,Ruth 1:2
,Eliphaz,eff1,Gen 36:4
,Eliphelehu,e76f,1 Chron 15:18
,Eliphelet,e669,1 Chr 8:39
,Elisha,ec5c,1 Kgs 19:16
,Elishama,e2b7,Num 1:10
,Elishaphat,e919,2 Chron 23:1
,Elisheba,e3b5,Exod 6:23
,Elishua,e6d6,2 Sam 5:15
,Eliud,ea6f,Matt 1:14
,Elizabeth,ec3a,Luke 1:5
,Elizaphan,e2b8,Num 3:30
,Elizur,e1fa,Num 1:5
,Elkanah,e2c0,Exod 6:24
,Elkosh,e378,Nah 1:1
,Ellasar,edd6,Gen 14:1
,Elmadam,ec5d,Luke 3:28
,Elnaam,e803,1 Chron 11:46
,Elnathan,e6a7,2 Kgs 24:8
,Elon,edd7,Gen 26:34
,Elpaal,e66a,1 Chr 8:39
,Eltekeh,e4fa,Josh 21:23
,Eltekon,e4c3,Josh i5:59
,Eltolad,e4c4,Josh 15:30
,Eluzai,e804,1 Chron 12:5
,Elzabad,e66b,1 Chr 26:7
,Elzaphan,e2f0,Exod 6:22
,Emek_Keziz,e64f,Josh 18:21
,Emites,efa8,Gen 14:5
,Emmaus,ec5e,Luke 24:13
,empty,e277,
,En_Eglaim,e8f2,Ezek 47:10
,En_Gannim,e4fb,Josh 21:29
,En_Gedi,e4c5,Josh 15:62
,En_Haddah,e5a4,Jos 19:21
,En_Rogel,e4b1,1 Kgs 1:9
,En_Shemesh,e4c6,Josh 15:7
,Enaim,efb9,Gen 38:14
,Enam,e4c7,Josh 15:34
,Enan,e2b9,Num 1:15
,encourage,e262,
,end,e232,
,Endor,e467,Josh 17:11
,endure,e170,
,enemy,e025,
,Enoch,ec5f,Gen 4:17
,Enos,ec60,Luke 3:38
,enter,e242,
,envy,e022,
,Epaenetus,ebc1,Rom 16:5
,Epaphroditus,ece4,Phil 2:25
,Ephah,e1ad,Gen 25:4
,Ephai,e902,Jer 40:8
,Epher,eefe,Gen 25:4
,Ephes_Dammim,e6ce,1 Sam 17:1
,Ephesus,ec0c,Acts 18:19
,Ephlal,e770,1 Chron 2:37
,Ephod,e475,Num 34:23
,Ephraim_land,eba4,2 Chr 30:10
,Ephraim_man,eba3,Gen 41:52
,Ephrath,efba,Gen 35:16
,Ephrathah,e710,1 Chron 4:4
,Ephron_man,eeff,Gen 23:8
,Epicurean,ec05,Acts 17:18
,Er,ec61,Gen 38:3
,Eran,e3aa,Num 26:36
,Erastus,ec0e,Acts 19:22
,Erech,edd9,Gen 10:10
,Eri,e1ae,Gen 46:16
,Esarhaddon,e6a8,2 Kgs 19:37
,Esau,ebc2,Gen 25:25
,Esek,edda,Gen 26:20
,Eshan,e4c8,Josh 15:52
,Eshban,eff2,Gen 36:26
,Eshek,e66c,1 Chr 8:39
,Eshkol_land,e3cb,Num 13:23
,Eshkol_man,eddb,Gen 14:13
,Eshtaol,e4c9,Josh 15:33
,Eshtemoa_man,e711,1 Chron 4:17
,Eshtemoa_village,e4fc,Josh 21:14
,Eshtemoh,e4ca,Josh 15:50
,Eshton,e712,1 Chron 4:11
,Esli,ec49,Luke 3:25
,Esther,e49f,Esth 2:7
,Etam,e579,Judg 15:11
,Eth_Kazin,e5a5,Jos 19:13
,Etham,e2c2,Exod 13:20
,Ethan,e95e,1 Kgs 4:31
,Ethbaal,e915,1 Kgs 16:31
,Ether,e4cb,Josh 15:42
,Ethiopia,ec32,Acts 8:27
,Ethnan,e713,1 Chron 4:7
,Ethni,e66d,1 Chr 6:41
,Eubulus,ecb3,2 Tim 4:21
,Eunice,ecb4,2 Tim 1:5
,eunuch,eb8f,
,Euodia,ece5,Phil 4:2
,Euphrates_River,ecd8,Rev. 9:14
,Eutychus,eb1f,Acts  20:9
,evangelist,e13f,
,Eve,ebeb,Gen 3:20
,evening,e273,
,everyone,e140,
,everything,e114,
,everywhere,e155,
,Evi,e3c2,Num 31:8
,example,ecf0,
,explain,e059,
,eye,e238,
,Ezbai,e805,1 Chron 11:37
,Ezbon,e1aa,Gen 46:16
,Ezem,e508,Josh 21:17
,Ezer,e1ab,Gen 36:21
,Ezion_Geber,e3e9,Num 33:35
,Ezra,e4df,Ezra 7:1
,Ezri,e856,1 Chron 27:26
,face,e203,
,Fair_Haven,ec18,Acts 27:8
,faithful,e219,
,fall,e218,
,family,e176,
,famine,e18d,
,far,e197,
,farewell,ec83,
,farm,eb91,
,fast_no_eat,e18e,
,fast_speed,e21a,
,fat,ea86,
,fat_animal,eb11,
,father,e003,
,feast,e054,
,Felix,eb99,Acts 23:24
,festival,e20b,
,fig,eda2,
,fill,e278,
,find,e101,
,finger,eba5,
,fire,e301,
,first,e233,
,fish,e263,
,fisherman,e264,
,five,e290,
,fix,e09d,
,flesh,e26b,
,flip,e31d,
,flood,ece0,
,flour,ea35,
,flower,eb24,
,flute,ea8b,
,fly,e25b,
,follow,e13e,
,fool,ea7c,
,foot,e13d,
,foreigner,e158,
,forest,ec27,
,forgive,e18f,
,Fortunatus,eca4,1 Cor 16:17
,forward,e318,
,foundation,e179,
,four,e28f,
,fox,ea8a,
,free,e260,
,free_no_cost,ebe4,
,friend,e024,
,frog,ecf6,
,from,e31a,
,fruit,e27e,
,fulfill,e0d2,
,full,e276,
,futile,e190,
,future,e16e,
,Gaal,e57a,Judg 9:26
,Gaash,e4fd,Josh 24:30
,Gabbai,e88f,Neh 11:8
,Gabriel,ec39,Luke 1:19
,Gad,ecbd,Gen 46:16
,Gadara,e33f,Matt 8:28
,Gaddi,e2ba,Num 13:11
,Gaddiel,e2bb,Num 13:10
,Gaham,efbb,Gen 22:24
,Gahar,e834,Ezra 2:47
,Gaius,ec0f,Acts 19:29
,Galal,e604,1 Chr 9:15
,Galatia,eb46,Acts 16:6
,Galeed,efbc,Gen 31:47
,Galilee,e337,Josh 20:7
,Gallim,e7ea,1 Sam 25:44
,Gallio,eb3b,Acts 18:12
,Gamaliel,eb4d,Acts 5:34
,Gamul,e7d3,1 Chron  24:17
,garden,eddc,
,Gareb,e806,1 Chro 11:40
,Gatam,eff3,Gen 36:11
,gate,e289,
,Gath,e461,1 Sam 21:10
,Gath_Hepher,e65c,Josh 19:13
,Gath_Rimmon,e4fe,Josh 21:24
,gathered,e108,
,Gaza,eb7f,Gen 10:19
,Gazez,e771,1 Chron 2:46
,Gazzam,e835,Ezra 2:48
,Geba,e4ff,Josh 21:17
,Gebal,e549,Josh 13:5
,Geber,e96b,1 Kgs 4:19
,Gebim,e715,Isa 10:31
,Gedaliah,e52a,Zeph 1:1
,Geder,e440,Josh 12:13
,Gedor,e5dd,1 Chr 9:37
,Gehazi,e618,2 Kgs 5:20
,Gemalli,e2bc,Num 13:12
,Gemariah,e903,Jer 29:3
,generation,e019,
,Gennesaret,e341,Matt 14:34
,gentle,e26d,
,Genubath,e5d0,1 Kgs 11:20
,Gera,efbd,Gen 46:21
,Gerar,eddd,Gen 10:19
,Gershom,e0cb,Exod 2:22
,Gershon,efbe,Gen 46:11
,Geruth_Kimham,e7f0,Jer 41:17
,Geshan,e772,1 Chron 2:47
,Geshem,e890,Neh 2:19
,Geshur,e499,Deut 3:14
,Gether,edde,Gen 10:23
,Gethsemane,e34a,Matt 26:36
,Geuel,e1fb,Num 13:15
,Gezer,e42f,Josh 10:33
,Gibbethon,e500,Josh 21:23
,Gibea,e773,1 Chron 2:49
,Gibeah,e501,Josh 42:33
,Gibeath_Haaraloth,e430,Josh 5:3
,Gibeon_man,e5de,1 Chr 9:35
,Gibeon_village,e431,Josh 9:3
,Giddalti,e857,1 Chron 25:4
,Giddel,e836,Ezra 2:47
,Gideon,ed03,Judg 6:11
,Gideoni,e2bd,Num 1:11
,Gidom,e57b,Judg 20:45
,gift,e072,
,Gihon,eddf,Gen 2:13
,Gilalai,e891,Neh 12:36
,Gilead_land,efa1,Gen 31:21
,Gilead_man,e3ab,Num 26:29
,Gilgal,e432,Josh 5:9
,Giloh,e509,Josh 15:5
,Gimzo,e91a,2 Chron  28:18
,Ginath,e691,1 Kgs 16:21
,Ginnethon,e892,Neh 10:6
,Girgashites,ede1,Gen 10:16
,girl,e009,
,girls,e00a,
,Gittaim,e489,2 Sam 4:3
,give,e086,
,glass,ecde,
,glory,e217,
,gluttony,ea8c,
,go,e381,
,go_down,e080,
,Goah,e904,Jer 31:39
,goat,ea7d,
,God,e036,Gen 1:1
,godly,e130,
,Gog_land,ecf7,Ezek 38:2
,Gog_man,e62b,1 Chr 5:4
,Goiim,ede2,Gen 14:1
,Golan,e468,Duet 4:43
,gold,eb2a,
,Golgotha,e34b,Matt 27:33
,Goliath,e462,1 Sam 21:9
,Gomer_man,ede3,Gen 10:2
,Gomer_woman,e596,Hos 1:3
,Gomorrah,ea7a,Gen 10:19
,gong,ebe5,
,good,e096,
,Goshen,efbf,Gen 47:1
,gospel,e22b,
,governor,e0a3,
,Goyim,e44c,Josh 12:23
,Gozan,e619,2 Kgs 18:11
,grace,e01f,
,grain,e279,
,grape,ecf4,
,grass,ea33,
,grateful,e20e,
,Greece,e345,Acts 20:3
,greed,ea94,
,green,ecd1,
,greeting,e051,
,grey,e611,
,grind,e83d,
,groom,e013,
,grow,e154,
,guard,e0c1,
,guilt,ea84,
,Guni,efc1,Num 26:48
,Gur,e61a,2 Kgs 9:27
,Haahashtari,e6ec,1 Chron 4:6
,Habaiah,e837,Ezra 2:61
,Habakkuk,e95f,Hab 1:1
,Habazziniah,e905,Jer 35:3
,Habor,e62c,1 Chr 5:26
,Hadad,efa2,Gen 25:15
,Hadadezer,e5d1,1 Kgs 11:23
,Hadar,e1af,Gen 36:39
,Hadashah,e50a,Josh 15:37
,Hadid,e838,Ezra 2:33
,Hadlai,e2f6,2 Chron  28:12
,Hadoram,ede4,Gen 10:27
,Hadrak,e6c5,Zec 9:1
,Haeleph,e650,Josh 18:28
,Hagab,e83e,Ezra 2:46
,Hagabah,e83f,Ezra 2:45
,Hagar,ecab,Gen 16:1
,Haggai,e48c,Ezra 5:1
,Haggedolim,e893,Neh 11:14
,Haggi,efc2,Gen 46:16
,Haggiah,e66e,1 Chr 6:30
,Haggith,e4b2,1 Kgs 1:5
,hail,ea13,
,hail_storm,ecdd,
,hair,e208,
,Hakaliah,e894,Neh 1:1
,Hakilah,e6cf,1 Sam 26:1
,Hakkatan,e8dc,Ezra 8:12
,Hakkoz,e6ed,1 Chron 24:10
,Hakupha,e840,Ezra 2:51
,Halah,e61b,2 Kgs 18:11
,half,ea22,
,Halhul,e50b,Josh 15:58
,Hali,e5a6,Jos 19:25
,Hallohesh,e895,Neh 3:12
,Ham_man,ede5,Gen 6:10
,Ham_village,ede6,Gen 14:5
,Haman,e4a0,Esth 3:1
,Hamath,e716,Isa 10:9
,Hamathites,ede7,Gen 10:18
,Hammedatha,e47f,Esth 3:1
,Hammoleketh,e774,1 Chron 7:18
,Hammoth_Dor,e502,Josh 21:32
,Hammuel,e6ee,1 Chro 4:26
,Hamor,eb5d,Gen 33:19
,Hamul,efc3,Gen 46:12
,Hamutal,e6aa,2 Kgs 23:31
,Hanamel,e906,Jer 32:6
,Hanan,e5df,1 Chr 9:44
,Hananel,e896,Neh 3:1
,Hanani,e692,1 Kgs 16:1
,Hananiah,e66f,1 Chr 8:24
,hand,e071,
,Hannathon,e5a7,Jos 19:14
,Hanniel,e3e5,Num 34:23
,Hanun,e71a,2 sam 10:1
,Hapharaim,e5a8,Jos 19:19
,Happizzez,e7d4,1 Chron 24:15
,happy,e205,
,Hara,e62d,1 Chr 5:26
,Haradah,e3de,Num 33:24
,Haran_land,eb0b,Gen 11:31
,Haran_man,efa4,Gen 11:27
,Harbona,e38f,
,hard,e269,
,Hareph,e775,1 Chron 2:51
,Harhaiah,e897,Neh 3:8
,Harhas,e68b,2 Kgs 22:14
,Harhur,e841,Ezra 2:51
,Harim,e7d5,1 Chron 24:8
,Harnepher,e7b4,1 Chron 7:36
,Harod,e57c,Judg 7:1
,Harosheth,e57d,Judg 4:2
,harp,ecc6,
,harsh,eca7,
,Harsha,e842,Ezra 2:53
,Harum,e6ef,1 Chron4:8
,Harumaph,e898,Neh 3:10
,Haruz,e6ab,2 Kgs 21:19
,harvest,e082,
,harvester,e139,
,Hasadiah,e6f0,1 Chron 3:20
,Hashabiah,e5e0,1 Chr 9:14
,Hashabnah,e899,Neh 10:25
,Hashabneiah,e89a,Neh 3:10
,Hashbaddanah,e89b,Neh 8:4
,Hashmonah,e3df,Num 33:29
,Hashubah,e6f1,1 Chron 3:20
,Hashum,e843,Ezra 2:19
,Hassenaah,e89c,Neh 3:3
,Hassenuah,e5e1,1 Chr 9:7
,Hasshub,e5e2,1 Chr 9:14
,Hassophereth,e844,Ezra 2:55
,Hasupha,e845,Ezra 2:43
,hate,e01b,
,Hathak,e4a1,Esth 4:5
,Hathath,e6f2,1 Chron 4:13
,Hatipha,e846,Ezra 2:54
,Hatita,e847,Ezra 2:42
,Hattil,e848,Ezra 2:57
,Hattush,e6f3,1 Chron 3:22
,Hauran,e8f3,Ezek 47:16
,have,e083,
,Havilah_land,ede8,Gen 2:11
,Havilah_man,effa,Gen 10:7
,Hazael,e456,Amos 1:4
,Hazaiah,e89d,Neh 11:5
,Hazar_Enan,e3eb,Num 34:9
,Hazar_Gaddah,e50c,Josh 15:27
,Hazar_Shual,e50d,Josh 15:20
,Hazarmaveth,ede9,Gen 10:26
,Hazer_Hattikon,e8f4,Ezek 47:16
,Hazeroth,e2be,Num 11:35
,Hazezon_Tamar,edea,Gen 14:7
,Haziel,e7b5,1 Chron 23:9
,Hazo,e1b0,Gen 22:22
,Hazor,e441,Josh 12:19
,Hazzelelponi,e6f4,1 Chron 4:3
,Hazzobebah,e6f5,1 Chron 4:8
,head,e206,
,heal,e084,
,health,e209,
,heart,e29a,
,heaven,e380,Gen 1:8
,heavy,e0e7,
,Heber,e1b1,Gen 46:17
,Hebrew,ec8f,Gen 14:13
,Hebron_man,e478,Exo 6:18
,Hebron_village,edeb,Gen 13:18
,hedge,e28a,
,Hegai_man,e41a,Esth 2:8
,height,ecc1,
,heir,e018,
,Helah,e6f6,1 Chron 4:5
,Helam,e71b,2 Sam 10:16
,Helbah,e57e,Judg 1:31
,Helbon,e8f5,Ezek 27:18
,Heled,e807,1 Chron 11:30
,Helek,e3ac,Num 26:30
,Heleph,e651,Josh 19:33
,Helez,e7b6,1 Chron 2:39
,Helkai,e89e,Neh 12:15
,Helkath,e503,Josh 21:31
,hell,e0d1,Deut 32:22
,Helon,e1fc,Num 1:9
,help,e13a,
,helper,e150,
,Heman,e1b2,1 Kgs 4:31
,Hemdan,eff4,Gen 36:26
,Hen,e8f0,Zech 6:14
,Hena,e61c,2 Kgs 18:34
,Henadad,e849,Ezra 3:9
,Hepher,e3ad,Num 26:32
,Hephzibah,e6ac,2 Kgs 21:1
,here,e212,
,Heres,e559,Judg 1:35
,Heresh,e5e3,1 Chr 9:15
,Hermas,ebc4,Rom 16:14
,Hermes_idol,eb2f,Acts 14:12
,Hermes_man,ebed,Rom 16:14
,Hermogenes,ecb5,2 Tim 1:15
,Herod,e360,Matt 2:1
,Herodians,ea05,Mark 3:6
,Herodias,e355,Matt 14:3
,Herodion,ebf1,Rom 16:11
,Heshbon,e3ae,Josh 13:26
,Heshmon,e50e,Josh 15:27
,Heth,edec,Gen 10:15
,Hethlon,e8f6,Ezek 47:15
,Hezekiah,ea62,2 Kgs 16:20
,Hezion,e5d2,1 Kgs 15:18
,Hezir,e7d6,1 Chron 24:15
,Hezro,e808,1 Chron 11:37
,Hezron,ea4f,Gen 46:9
,hide,e085,
,Hiel,e693,1 Kgs 16:34
,Hierapolis,ece9,Col 4:13
,Hilkiah,e5e4,1 Chr 9:11
,hill,e202,
,Hillel,e51e,judg 12:13
,Hirah,e1b3,Gen 38:1
,Hiram,e5d3,1 Kgs 10:11
,hire,e13b,
,Hittites,eded,Gen 15:20
,Hivites,edee,Exod 3:8
,Hizki,e670,1 Chr 8:17
,Hobab,e1fd,Num 10:29
,Hobah,edef,Gen 14:15
,Hod,e7b7,1 Chron 7:37
,Hodaviah,e5e5,1 Chr 9:7
,Hodesh,e671,1 Chr 8:9
,Hodiah,e6f7,1 Chron 4:19
,Hoglah,e3af,Num 26:33
,Hoham,e433,Josh 10:3
,hole,e302,
,Holon,e504,Josh 21:15
,holy,e13c,
,honey,e052,
,honor,e031,
,hope,e213,
,Hophni,e4ea,1 Sam 1:3
,Hophra,e907,Jer 44:30
,Hor_Haggidgad,e3ec,Num 33:32
,Horam,e434,Josh 10:33
,Horesh,e7eb,1 Sam 23:15
,Hori,eff5,Gen 36:22
,Horites,edf1,Gen 14:6
,Hormah,e2f8,Num 14:45
,horn,ecc5,
,Horonaim,e8ba,Isaiah 15:5
,horse,e303,
,Hosah_man,e5af,1 Chr 26:11
,Hosah_village,e581,Josh 19:29
,hosanna,e216,
,Hosea,ebc5,Hos 1:1
,Hoshaiah,e89f,Neh 12:32
,Hoshama,e6f8,1 Chron 3:18
,Hotham,e7b8,1 Chron 7:32
,Hothir,e858,1 Chron 25:4
,hour,e331,
,house,e171,
,how,e068,
,how_long,e83c,Exod 10:3
,Hubbah,e7b9,1 Chron 7:34
,Hul,edf2,Gen 10:23
,Huldah,e68c,2 Kgs 22:14
,human_nature,e23d,Rom 6:19
,humble,e19d,
,Humtah,e50f,Josh 15:54
,hungry,e01e,
,Hupham,e3b0,Num 26:39
,Huppah,e7d7,1 Chron 24:13
,Huppim,efc5,Gen 46:21
,Hur,e2e0,Exod 31:2
,Hurai,e809,1 Chron 11:32
,Huri,e62e,1 Chr 5:14
,husband,e012,
,Hushah,e6f9,1 Chron 20:4
,Hushai,e96c,1 Kgs 4:16
,Husham,e1b4,Gen 36:34
,Hushathite,e927,I Chron 20:4
,Hushim_man,efc6,Gen 46:23
,Hushim_woman,e672,1 Chr 8:8
,Hymenaeus,ecaa,1Tim 1:20
,hymn,e0e3,Matt 26:30
,Ibhar,e6d7,2 Sam 5:15
,Ibleam,e469,Josh 17:11
,Ibneiah,e5e6,1 Chr 9:8
,Ibnijah,e5e7,1 Chr 9:8
,Ibri,e7d8,1 Chron 24:27
,Ibsam,e7ba,1 Chron 7:2
,Ibzan,e51f,Judg 12:8
,Ichabod,e7de,1 Sam 14:3
,Iconium,ec1f,Acts 13:51
,Idalah,e582,Josh 19:14
,Idbash,e6fa,1 Chron 4:3
,Iddo,e96d,1 Kgs 4:14
,idol,e35d,
,Iezer,e3b1,Num 26:30
,if,e111,
,Igal,e1fe,Num 13:7
,Igdaliah,e908,Jer 35:4
,ignorant,e06e,
,Ijon,e5d4,1 Kgs 15:20
,Ikkesh,e80a,1 Chron 11:28
,Illyricum,ebc6,Rom 15:19
,Imlah,e69d,1 Kgs 22:9
,immeasurable,e18c,
,Immer_land,e84a,Ezra 2:59
,Immer_man,e5e8,1 Chr 9:12
,Imnah,efc7,1 Chr 7:30
,impossible,e180,
,Imrah,e7bb,1 Chron 7:36
,Imri,e5e9,1 Chr 9:4
,in,e240,
,in_front,e112,
,incense,ec98,
,India,e4a2,Esth 8:9
,inheritance,e017,
,insect,e304,
,Iob,e0ee,Gen 46:13
,Iphdeiah,e673,1 Chr 8:25
,Iphtah,e510,Josh 15:43
,Iphtah_El,e583,Josh 19:14
,Ir,e7d9,1 Chron 7:12
,Ir_Nahash,e6fb,1 Chron 4:12
,Ira,e71c,2 Sam 23:26
,Irad,edf3,Gen 4:18
,Iram,eff6,Gen 36:43
,Iri,e7bc,1 Chron 2:7
,Irijah,e909,Jer 37:13
,Iron,e584,Josh 19:38
,iron,eb29,
,Irpeel,e652,Josh 18:27
,Iru,e6fc,1 Chron 4:15
,Isaac,e374,Gen 17:19
,Isaiah,e372,2 Kgs 19:2
,Ishbah,e6fd,1 Chron 4:17
,Ishbak,eeda,Gen 25:2
,Ishbosheth,e48a,2 Sam 2:8
,Ishdod,e7bd,1 Chron 7:18
,Ishi,e62f,1 Chr 5:24
,Ishiah,e7be,1 Chron 7:3
,Ishmael,e1b5,Gen 17:18
,Ishmaiah,e80b,1 chron 12:4
,Ishmerai,e674,1 Chr 8:18
,Ishpah,e675,1 Chr 8:16
,Ishpan,e676,1 Chr 8:22
,Ishvah,efc8,Gen 46:17
,Ishvi,efc9,Gen 46:17
,Iskah,eedb,Gen 11:29
,island,eb05,
,Ismakiah,e91c,2 Chron  31:13
,Israel,ea04,Gen 32:28
,Issachar,ecce,Gen 30:18
,Italy,ec90,Acts 18:2
,Ithai,e80c,1 Chron 11:31
,Ithamar,e2e1,Exod 28:1
,Ithiel,e8a0,Neh 11:7
,Ithlah,e585,Josh 19:40
,Ithmah,e80d,1 Chron 11:46
,Ithnan,e511,Josh 15:23
,Ithran,e1b6,Gen 36:26
,Ithream,e6fe,1 Chron 3:3
,Ittai,e8c0,2 Samuel 15:22
,Ituraea,ec3e,Luke 3:1
,Ivvah,e61d,2 Kgs 18:34
,Iye_Abarim,e3b2,Num 21:11
,Izhar,e2c1,Exod 6:18
,Izliah,e677,1 Chr 8:18
,Izrahiah,e7bf,1 Chron 7:3
,Izziah,e8dd,Ezra 10:25
,Jaakobah,e6ff,1 Chron 4:36
,Jaalah,e84b,Ezra 2:56
,Jaareshiah,e678,1 Chr 8:27
,Jaasiel,e80e,1 Chron 11:47
,Jaasu,e8de,Ezra 10:37
,Jaazaniah,e7cd,2 Kgs 25:23
,Jaaziah,e7da,1 Chron 24:26
,Jaaziel,e7c0,1 Chron 15:18
,Jabal,e1b7,Gen 4:20
,Jabbok,efca,Gen 32:22
,Jabesh_man,e6ad,2 Kgs 15:10
,Jabesh_village,e4eb,1 Sam 31:11
,Jabez,e6d8,1 Chron 4:9
,Jabin,e55b,Judg 4:2
,Jabneel,e512,Josh 15:11
,Jacob,e375,Gen 25:26
,Jada,e7c1,1 Chron 2:28
,Jaddua,e8a1,Neh 10:21
,Jadon,e8a2,Neh 3:7
,Jael,e55c,Judg 5:6
,Jagur,e513,Josh 15:21
,Jahath,e679,1 Chr 6:20
,Jahaz,e3b3,Num 21:23
,Jahaziel,e8df,Ezra 8:3
,Jahdai,e7c2,1 Chron 2:47
,Jahdiel,e630,1 Chr 5:24
,Jahdo,e631,1 Chr 5:14
,Jahleel,efcb,Gen 46:14
,Jahmai,e7c3,1 Chron 7:2
,Jahzeiah,e8e0,Ezra 10:15
,Jahzerah,e5ea,1 Chr 12:9
,Jahziel,e1b8,Gen 46:24
,Jair,e3cc,Num 32:41
,Jairus,e367,Mark 5:22
,Jakeh,e6c9,Pro 30:1
,Jakim,e67a,1 Chr 8:19
,Jakin,e1b9,Gen 46:10
,Jalam,eff7,Gen 36:5
,Jalon,e6d9,1 chron 4:17
,Jambres,ecbc,2 Tim 3:8
,James,e376,Matt 4:21
,James_the_Disciple,e358,Mark 1:19
,Jamin,efcc,Gen 46:10
,Jamlech,e6da,1 Chron4:34
,Janai,e632,1 Chr 5:12
,Janim,e514,Josh 15:53
,Jannai,ec46,Luke 3:24
,Jannes,ecbe,2 Tim 3:8
,Janoah,e46a,Josh 16:7
,Japheth,edf4,Gen 6:10
,Japhia_man,e435,Josh 10:3
,Japhia_village,e586,Josh 19:12
,Japhlet,e46b,Josh 16:3
,jar,e0d5,
,Jared,ec62,Gen 5:15
,Jarib,e8e1,Ezra 8:16
,Jarmuth,e436,Josh 10:3
,Jaroah,e633,1 Chr 5:14
,Jashen,e7f7,2 Sam 23:32
,Jashobeam,e810,1 Chron 11:11
,Jashub,e389,Num 26:24
,Jason,eb64,Acts 17:5
,Jathniel,e67b,1 Chr 26:2
,Jattir,e505,Josh 21:14
,Javan,e1ba,Gen 10:2
,Jazer,e38a,Num 21:32
,Jaziz,e859,1 Chron 27:30
,jealous_God,e2fe,
,jealous_God,e973,
,Jeatherai,e67c,1 Chr 6:21
,Jeberekiah,e6c6,Isa 6:12
,Jebusites,e1e5,Gen 10:16
,Jechoniah,ea66,Matt 1:11
,Jedaiah,e5eb,1 Chr 9:10
,Jediael,e67d,1 Chr 26:2
,Jedidah,e8c2,2 Kings 22:1
,Jegar_Sahadutha,e1e6,Gen 31:47
,Jehallelel,e6db,1 Chron 4:16
,Jehdeiah,e7db,1 Chron  24:20
,Jehiah,e7c4,1 Chron 15:24
,Jehieli,e67e,1 Chr 26:22
,Jehoaddah,e67f,1 Chr 8:36
,Jehoaddan,e6af,2 Kgs 14:2
,Jehoahaz,e6ae,2 Kgs 13:8
,Jehohanan,e680,1 Chr 26:3
,Jehoiachin,e41b,2 Kgs 24:6
,Jehoiada,e4b3,1 Kgs 1:8
,Jehonadab,e6dc,1 Chron 20:7
,Jehoshaphat,ea5d,1 Kgs 15:24
,Jehosheba,e61e,2 Kgs 11:2
,Jehozabad,e681,1 Chr 26:4
,Jehozadak,e47e,Neh 12:26
,Jehu,e597,Hos 1:4
,Jehud,e587,Josh 19:45
,Jehudi,e90a,Jer 36:14
,Jehukal,e90b,Jer 37:3
,Jekameam,e7c5,1 Chron 23:19
,Jekoliah,e6b0,2 Kgs 15:2
,Jekuthiel,e6dd,1 Chron 4:18
,Jemuel,efcd,Exod 6:15
,Jephthah,ed04,Judg 11:1
,Jephunneh,e3ee,Num 26:65
,Jerah,edf5,Gen 10:26
,Jerahmeel,e7c6,1 Chron 2:9
,Jeremiah,ea28,2 Chr 36:12
,Jeremoth,e682,1 Chr 8:14
,Jeriah,e683,1 Chr 26:31
,Jeribai,e814,1 Chron 11:46
,Jericho,ea08,Num 22:1
,Jeriel,e74e,1 Chron 7:2
,Jerioth,e77e,1 Chron 2:18
,Jeroboam,e457,1 Kgs 11:26
,Jeroham,e4ec,1 Sam 1:1
,Jerusalem,e338,Josh 10:1
,Jerushah,e6b1,2 Kgs 15:33
,Jeshanah,e91d,2 Chron  13:9
,Jeshebeab,e6d5,1 Chron 24:13
,Jesher,e934,1 Chron 2:18
,Jeshishai,e634,1 Chr 5:14
,Jeshohaiah,e6de,1 Chron 26:25
,Jeshua_village,e4f4,Neh 11:26
,Jesimiel,e6df,1 Chron 4:36
,Jesse,ea58,Ruth 4:17
,Jesus,e037,Matt 1:1
,Jether,e57f,Judg 8:20
,Jetheth,eff8,Gen 36:40
,Jethro,e0cc,Exod 18:1
,Jetur,eedc,Gen 25:15
,Jeuel,e5ec,1 Chr 9:6
,Jeush,e1bb,Gen 36:5
,Jeuz,e935,1 Chron 8:10
,Jew,e0f9,Esth 2:5
,Jezaniah,e90c,Jer 42:1
,Jezebel,eca2,1 Kgs 16:31
,Jezer,e1bc,Gen 46:24
,Jeziel,e815,1 Chron 12:3
,Jezreel_man,e598,Hos 1:4
,Jezreel_village,e46c,Josh 17:16
,Jidlaph,efce,Gen 22:22
,Joab,e4b4,1 Kgs 1:7
,Joah,e61f,2 Kgs 18:18
,Joanan,ec4c,Luke 3:27
,Joanna,ec63,Luke 8:3
,Joash,e458,Judg 6:31
,Job,ed0b,Job 1:1
,Jobab,edf6,Gen 10:29
,Jochebed,e2c4,Exod 6:20
,Joda,e91f,Luke 3:26
,Joed,e8a3,Neh 11:7
,Joel,ec92,Joel 1:1
,Joelah,e816,1 Chron 12:7
,Joezer,e817,1 Chron 12:6
,Jogbehah,e3cd,Num 32:35
,Jogli,e3ef,Num 34:22
,Joha,e936,1 Chron 8:16
,Johanan,e937,1 Chron 6:9
,John,e35a,John 1:42
,John_the_Baptist,e336,Matt 3:4
,Johozadak,e494,
,Joiakim,e8a4,Neh 12:10
,Joiarib,e8a5,Neh 11:5
,Jokdeam,e515,Josh 15:56
,Jokim,e6e0,1 Chron 4:22
,Jokneam,e442,Josh 12:22
,Jokshan,eedd,Gen 25:2
,Joktan,e1bd,Gen 10:25
,Joktheel,e516,Josh 15:38
,Jonah,e0c5,Jonah 1:1
,Jonah_Simons_father,ea29,Matt 16:17
,Jonam,ec9b,Luke 3:30
,Jonathan,e48b,1 Sam 13:2
,Joppa,ec2d,Jonah 1:3
,Jorah,e84c,Ezra 2:18
,Jorai,e635,1 Chr 5:13
,Joram,ea5e,2 Kgs 8:16
,Jordan_River,e34f,Gen 50:10
,Jorim,ec64,Luke 3:29
,Jorkeam,e7af,1 Chron 2:44
,Joseph,ea15,Gen 30:24
,Joses,e369,Matt 13:55
,Joshah,e6e1,1 Chron 4:34
,Joshaviah,e818,1 Chron 11:46
,Joshbekashah,e85a,1 Chron 25:4
,Joshibiah,e6e2,1 Chron 4:35
,Joshua_man,eb03,Ex 17:9
,Josiah,ea65,2 Kgs 21:24
,Jotbathah,e3f0,Num 33:33
,Jotham,eb82,Judg 9:5
,Jubal,edf7,Gen 4:21
,Judah_land,e426,Hag 1:1
,Judah_man,ea4b,Gen 29:35
,Judas,e368,Mark 6:3
,Judas_Iscariot,e365,Matt 10:4
,Judea,e339,Rom 15:31
,judge,e1a2,
,Judith,edf8,Gen 26:34
,Julia,ebc7,Rom 16:15
,Julius,ec07,Acts 27:1
,jump,ed0a,
,Junia,ebc8,Rom 16:7
,Jushab_Hesed,e6e3,1 Chron 3:20
,justice,ea25,
,justify,eb4f,
,Justus,eb6a,Acts 1:23
,Juttah,e506,Josg 21:16
,Kabbon,e517,Josh 15:40
,Kabul,e588,Josh 19:27
,Kabzeel,e518,Josh 15:21
,Kadesh,edf9,Gen 14:7
,Kadmiel,e84d,Ezra 2:40
,Kadmonites,efd1,Gen 15:19
,Kain,e519,Josh 15:57
,Kalkol,e96e,1 Kgs 4:31
,Kallai,e8a6,Neh 12:20
,Kalneh,edfa,Gen 10:10
,Kamon,e520,Judg 10:5
,Kanah_brook,e46d,Josh 16:8
,Kanah_village,e46e,Josh 19:28
,Kareah,e7ce,2 Kgs 25:23
,Karka,e51a,Josh 15:3
,Karkor,e580,Judg 8:10
,Karmi,efd2,Gen 46:9
,Kartah,e653,Josh 21:34
,Kasiphia,e8e2,Ezra 8:17
,Kasluhites,edc9,Gen 10:14
,Kattath,e589,Josh 19:15
,Kebar_Canal,e8f7,Ezek 1:1
,Kedar,eede,Gen 25:13
,Kedemah,eedf,Gen 25:15
,Kedemoth,e49a,Duet 2:26
,Kedorlaomer,edfb,Gen 14:1
,keep,e099,
,Kehelathah,e3f1,Num 33:22
,Keilah_man,e6e4,1 Chron 4:19
,Keilah_village,e51b,Josh 15:44
,Kelal,e8e3,Ezra 10:30
,Kelita,e8a7,Neh 10:10
,Kelub,e6e5,1 Chron 4:11
,Keluhi,e8e4,Ezra 10:35
,Kemuel,efd3,Gen 22:21
,Kenaanah,e69f,1 Kgs 22:11
,Kenani,e8a8,Neh 9:4
,Kenaniah,e938,1 Chron 26:29
,Kenath,e3ce,Num 32:42
,Kenaz,efd4,Gen 36:11
,Kenites,efd5,Gen 15:19
,Kephar_Ammon,e654,Josh 18:24
,Kephirah,e437,Josh 18:26
,Keran,eff9,Gen 36:26
,Kerethites,e52e,Zeph 2:5
,Kerioth,e459,Jer 48:24
,Kerith,e694,1 Kgs 17:3
,Keros,e84e,Ezra 2:44
,Kerub,e84f,Ezra 2:59
,Kesed,efd6,Gen 22:22
,Kesil,e52f,Josh b15:3
,Keturah,eee1,Gen 25:1
,key,ea9d,
,Kezib,e1bf,Gen 38:5
,Kibroth_Hattaavah,e2a0,Num 11:34
,Kibzaim,e655,Josh 21:22
,Kidon,e636,1 Chr 13:9
,Kidron_Valley,eba6,John 18:1
,Kilion,e41f,Ruth 1:5
,kill,e141,
,Kilmad,e921,Eze 27:23
,Kimham,e7f8,2 Sam 19:37
,Kinah,e530,Josh 15:22
,kind_nice,e01c,
,king,e028,
,kingdom,e02f,
,Kinnereth,e3f2,Josh 19:35
,Kir,e45a,Isa 22:6
,Kiriath_Huzoth,e2f9,Num 22:39
,Kiriath_Jearim,e438,Josh 9:17
,Kish,eb49,1 Chr 24:29
,Kishi,e65e,1 Chr 6:44
,Kishion,e4e0,Josh 21:28
,Kishon,e55d,Judg 5:21
,Kislon,e3f3,Num 34:21
,Kisloth_Tabor,e58a,Josh 19:12
,kiss,e0e8,
,Kitlish,e531,Josh 15:40
,Kitron,e55e,Judg 1:30
,Kittim_man,edfc,Gen 10:4
,kneel,e138,
,knife,e24e,
,knock,eb8b,
,know,e062,
,Kohath,efd8,Gen 46:11
,Kol_Hozeh,e8aa,Neh 3:15
,Kolaiah,e8a9,Neh 11:7
,Konaniah,e813,2 Chron 35:9
,Korah,ecf3,Gen 36:14
,Kozbi,e3d1,Num 25:15
,Kozeba,e6e6,1 Chron 4:22
,Kuthah,e6b3,2 Kgs 17:24
,Laadah,e6e7,1 Chron 4:21
,Laban,edfd,Gen 24:29
,Lachish,e439,Josh 10:3
,Ladan,e939,1 Chron 26:21
,Lael,e2a1,Num 3:24
,Lahad,e6e8,1 Chron 4:2
,Lahmas,e532,Josh 15:40
,Lahmi,e6e9,1 Chron 20:5
,Laish_man,e3ea,I Sam 25:44
,Laish_village,e55f,Judg 18:7
,lake,ec65,
,Lakkum,e58b,Josh 19:33
,Lamech,ec66,Gen 5:25
,lamp,e164,
,lampstand,e281,
,land,e153,
,language,ea23,
,Laodicea,ebf9,Col 4:13
,Lappidoth,e560,Judg 4:4
,Lasea,ec16,Acts 27:8
,Lasha,e1c0,Gen 10:19
,Lasharon,e443,Josh 12:18
,last,e234,
,late,e225,
,Latin,eba8,John 19:20
,laugh,e224,
,law,e22f,
,Lazarus,ec67,John 11:14
,lead,e137,
,leaf,e0b3,
,Leah,efd9,Gen 30:12
,lease,e175,
,least,e397,
,leather,e255,
,leave,e243,
,leaven,e32d,
,Lebanah,e850,Ezra 2:45
,Lebanon,e599,Ps 29:5
,Lebaoth,e533,Josh 15:32
,Lebo_Hamath,e2a2,Num 34:8
,Lebonah,e561,Judg 21:19
,left,e0f4,
,leg,ebe0,
,Legion,e366,Mark 5:9
,Lehabites,e1c1,Gen 10:13
,Lehi,e562,Judg 15:9
,Lekah,e6ea,1 Chron 4:21
,Lemuel,e6ca,Pro 31:1
,length,ecc2,
,leopard,ecf8,
,leprosy,e382,
,letter,eb84,
,Letush,eee2,Gen 25:3
,Leummim,eee3,Gen 25:3
,Levi,eb1b,Exod 1:2
,Levi_Matthew,e35c,Luke 5:29
,Libnah,e3f4,Josh 15:42
,Libni,e2e2,Exod 6:17
,Libya,eb73,Acts 2:10
,lift,e081,
,light,e0c2,
,lightning,ea88,
,Likhi,e7ad,1 Chron 7:19
,linen,ea20,
,Linus,ecb0,2 Tim 4:21
,lion,ecb6,
,Lo_Debar,e45b,2 Sam 9:4
,locust,ecd4,
,Lois,ecb7,2 Tim 1:5
,looks_like,ebcd,
,lost,e089,
,Lot,ebdc,Gen 11:27
,Lotan,effb,Gen 36:20
,lots,ea16,Luke 23:34
,loud,ebe8,
,love,e01a,
,lower_adj,e324,
,Lucius,ec93,Acts 13:1
,Lud,e1c2,Gen 10:22
,Ludites,e1ea,Gen 10:13
,Luke,eb68,Col 4:14
,lunatic,e06d,
,lust,e239,
,Luz,edfe,Gen 28:19
,Lycaonia,eb51,Acts 14:6
,Lycia,ec13,Acts 27:5
,Lydda,ec2e,Acts 9:35
,Lydia,eb50,Acts 16:14
,Lysanias,ec40,Luke 3:1
,Lysias,ec37,Acts 24:22
,Lystra,eb44,Acts 16:2
,Maadai,e8e5,Ezra 10:34
,Maai,e8ab,Neh 12:36
,Maakah_man,efda,1 Chr 11:43
,Maakah_woman,e2d8,2 Chr 11:21
,Maakath_land,e483,Josh 13:13
,Maakath_man,e49c,Josh 12:5
,Maasai,e5ed,1 Chr 9:12
,Maaseiah,e79e,1 Chron 15:18
,Maath,ec4b,Luke 3:26
,Maaz,e79f,1 Chron 2:27
,Maaziah,e7ae,1 Chron 24:18
,Macedonia,ec0d,Acts 16:9
,Machir_man,e2d1,Gen 50:23
,Machpelah,eee4,Gen 23:19
,Madai,edff,Gen 10:2
,Madmannah,e534,Josh 15:31
,Madmannah_man,e7a1,1 Chron 2:49
,Madmenah,e717,Isa 19:31
,Madon,e444,Josh 11:1
,Magadan,ea30,Matt 15:39
,Magbish,e851,Ezra 2:30
,Magdiel,effc,Gen 36:43
,magician,ec8a,
,Magog_land,ecf9,Ezek 38:2
,Magog_man,eea1,Rev 20:8
,Magpiash,e8ac,Neh 10:20
,Mahalalel,ec68,
,Mahalath,eea2,Gen 28:9
,Mahanaim,efdb,Gen 32:2
,Mahaneh_Dan,e563,Judg 13:25
,Maharai,e819,1 Chron 11:30
,Mahazioth,e85b,1 Chron 25:4
,Mahlah_man,e7ac,1 Chron 7:18
,Mahlah_woman,e38c,Num 36:11
,Mahli,e2c5,Ezra 8:18
,Mahlon,e420,Ruth 1:5
,Mahol,e96f,1 Kgs 4:31
,Mahseiah,e90d,Jer 32:12
,Makaz,e970,1 Kgs 4:9
,Makbannai,e81a,1 Chron 12:13
,Makbenah,e7a0,1 Chron 2:49
,make,e076,
,Makheloth,e3f5,Num 33:26
,Maki,e2a3,Num 13:15
,Makir,e46f,Josh 13:31
,Makkedah,e414,Josh 10:28
,Maknadebai,e8e6,Ezra 10:40
,Malachi,e7ef,Mal 1:1
,Malchus,ebb7,John 18:10
,Malkam,e93a,1 Chron 8:9
,Malki_Shua,e4ed,1 Sam 31:2
,Malkiel,efcf,Gen 46:17
,Malkijah,e5ee,1 Chr 9:12
,Malkiram,e6eb,1 Chron 3:18
,Mallothi,e85c,1 Chron 25:4
,Malluk,e93b,1 Chron 6:44
,Malta,ec19,Acts 28:1
,Mamre,eea3,Gen 18:1
,man,e000,
,Manaen,eb40,Acts13:1
,Manahath_man,e1c3,Gen 36:23
,Manahath_village,e93c,1 Chron 8:6
,Manasseh_land,e470,Josh 17:7
,Manasseh_man,ea63,Gen 41:51
,manna,eba9,Exod 16:31
,Manoah,e564,Judg 16:31
,many,e198,
,Maon_man,e47c,
,Maon_village,e521,Judg 10:12
,Marah,e0cd,Exod 15:23
,Maralah,e58c,Josh 19:10
,Marduk_Baladan,e6b4,2 Kgs 20:12
,Mareshah_man,e979,1 Chr 2:42
,Mareshah_village,e493,Josh 15:44
,Mark,e371,Acts 15:37
,market_place,e02e,
,Maroth,e3b6,Mic 1:12
,marriage,e010,
,Martha,ec69,John 11:5
,Mary,e354,Matt 27:56
,Mary_Magdalene,e353,Mark 15:40
,Mashal,e93d,1 Chron 6:74
,Masrekah_city,effd,Gen 36:36
,Massa,eee5,Gen 25:14
,Massah,e2c3,Exod 17:7
,Matred,effe,Gen 36:39
,Mattan,e620,2 Kgs 11:18
,Mattanah,e38d,Num 21:19
,Mattaniah,e5ef,1 Chr 9:15
,Mattatha,ec9c,Luke 3:31
,Mattathias,ec9d,Luke 3:26
,Mattattah,e8e7,Ezra 10:33
,Mattenai,e8ad,Neh 11:7
,Matthan,ea71,Matt 1:15
,Matthat,ed12,Luke 3:24
,Matthew,eb04,Matt 9:9
,Mattithiah,e1c4,Ezra 10:43
,mature,e236,
,me,e166,
,Me_Jarkon,e58d,Josh 19:46
,Me_Zahab,efff,Gen 36:39
,meaning,ecfa,
,measure,e305,
,Medad,e2a4,Num 11:26
,Medan,eee7,Gen 25:2
,Medeba,e38e,Num 21:30
,Media,eb70,Ezra 6:2
,Megiddo,ecfb,Josh 12:21
,Mehetabel,eff0,Gen 36:39
,Mehida,e852,Ezra 2:52
,Mehir,e729,1 Chron 4:11
,Mehujael,eea4,Gen 4:18
,Mekonah,e8ae,Neh 11:28
,Melatiah,e8af,Neh 3:7
,Melchi,ec45,Luke 3:24
,Melchizedek,ed05,Gen 14:18
,Melea,ec6a,Luke 3:31
,Melek,e5f0,1 Chr 9:41
,member,e174,
,Memphis,e7cb,Hos 9:6
,Menahem,e6b5,2 Kgs 15:22
,Menna,ec6b,Luke 3:31
,Meonothai,e72a,1 Chron 4:13
,Mephaath,e4e1,Josh 21:37
,Mephibosheth,e527,2 Sam 9:6
,Merab,e7ec,1 Sam 18:17
,Meraiah,e8b0,Neh 12:12
,Meraioth,e637,1 Chr 9:11
,Merari,efdc,Gen 46:11
,mercy,e01d,
,Mered,e72b,1 Chron 4:17
,Meremoth,e8b1,Neh 3:4
,Meribah,e2c7,Exod 17:7
,Merom,e58e,Josh 11:5
,Meronoth,e85d,1 Chron 27:30
,Meroz,e565,Judg 5:23
,Mesha,e93e,1 Chron 8:9
,Mesha_land,eea5,Gen 10:30
,Meshech_land,e87e,Psa 120:5
,Meshech_man,eea6,Gen 10:2
,Meshezabel,e8b2,Neh 10:21
,Meshillemith,e638,1 Chr 9:12
,Meshobab,e72c,1 Chron 4:34
,Meshullam,e639,1 Chr 9:7
,Meshullemeth,e6b6,2 Kgs 21:19
,Mesopotamia,eb72,Acts 2:9
,messenger,e136,
,metal,eb28,
,Methuselah,ec6c,Gen 5:21
,Methushael,eea7,Gen 4:18
,Mibsam,eee6,Gen 25:13
,Mibzar,e1c5,Gen 36:42
,Micah,e522,Judg 17:1
,Micaiah,e68d,2 Kgs22:12
,Michael_angel,ece1,Jude 9
,Michael_man,e2a5,1 Chr 5:13
,Michal,e7ed,1 Sam 18:20
,Michmash,e7df,1 Sam 14:5
,Middin,e535,Josh 15:61
,Midian_land,eb0f,Exod 2:15
,Midian_man,e1eb,Gen 25:2
,Migdal_El,e58f,Jos 19:38
,Migdalgad,e536,Josh 15:37
,Migdol,e0ce,Exod 14:2
,Migron,e7e0,1 Sam 14:2
,Mijamin,e7b0,1 Chron 24:9
,Mika,e528,2 Sam 9:12
,Mikloth,e63a,1 Chr 9:37
,Mikmethath,e471,Josh 16:6
,Mikneiah,e7a2,1 Chron 15:18
,Mikri,e63b,1 Chr 9:8
,Milalai,e8b3,Neh 12:36
,Miletus,eb23,Acts 20:15
,milk,eca3,
,Milkah,eee8,Gen 11:29
,million,ecd9,
,mind,e06c,
,Miniamin,e8b4,Neh 12:17
,Minni,e910,Jer 51:27
,Minnith,e566,Judg 11:33
,miracle,e095,
,Miriam_man,e72d,1 Chron 4:17
,Miriam_woman,e385,Num 12:1
,Mirmah,e93f,1 Chron 8:10
,mirror,ebe6,
,Mishael,e2dc,Lev 10:4
,Mishal,e4e2,Josh 19:26
,Misham,e940,1 Chron 8:12
,Mishma,e1c6,Gen 25:14
,Mishmannah,e81b,1 Chron 12:10
,Mispar,e8d1,Ezra 2:2
,Mispereth,e8b5,Neh 7:7
,Misrephoth_Maim,e54a,Josh 13:6
,Mithkah,e3f6,Num 33:28
,Mithredath,e8d2,Ezra 1:8
,Mitylene,eb21,Acts 20:14
,Mizpah,e2cf,Gen 31:49
,Mizraim,eea8,1 Chr 1:8
,Mizzah,e1c7,Gen 36:13
,Mnason,eb26,Acts 21:16
,Moab_land,e2fa,Gen 36:35
,Moab_man,eea9,Gen 19:37
,Moadiah,e8b6,Neh 12:17
,mock,ea12,
,Moladah,e537,Josh 15:26
,Molech,ec26,Lev 18:21
,Molid,e7a3,1 Chron 2:29
,money,e029,
,month,e34c,
,moon,e272,
,Mordecai,e4a3,Esth 2:5
,more,e199,
,Moreh,eeaa,Gen 12:6
,Moresheth,e4a9,Mic 1:1
,Moriah,efdd,Gen 22:2
,morning,e163,
,Moserah,e485,Duet 10:6
,Moseroth,e3f7,Num 33:30
,Moses,e35b,Exod 2:10
,most,e229,
,mother,e00b,
,Mount_Carmel,e45c,1 Kgs 18:19
,Mount_Ebal,e415,Deut 11:29
,Mount_Ephron,e90f,josh 15:9
,Mount_Gerizim,e416,Deut 11:29
,Mount_Gilboa,e4ef,1 Sam 31:1
,Mount_Halak,e44e,Josh 11:17
,Mount_Hermon,e49d,Deut 3:8
,Mount_Hor,e3b4,Num 20:22
,Mount_Nebo,e486,Duet 32:49
,Mount_of_Olives,e351,Matt 21:1
,Mount_Peor,e392,Num 23:28
,Mount_Perazim,e6c7,Isa 28:21
,Mount_Pisgah,e393,Num 21:20
,Mount_Shepher,e3f8,Num 33:23
,Mount_Sinai,eb5c,Exod 19:11
,Mount_Tabor,e567,Judg 4:6
,Mount_Zalmon,e568,Judg 9:48
,Mount_Zion,ecf5,2 Kgs 19:31
,mountain,e306,
,mouth,e03f,
,move,e32f,
,Moza,e63c,1 Chr 9:42
,Mozah,e656,Josh 18:26
,Muppim,efde,Gen 46:21
,murderer,ea10,
,Mushi,e2c6,Exod 6:19
,mustard,e039,
,mute,e050,
,Myra,ec28,Acts 27:5
,myrrh,e245,
,Mysia,eb4a,Acts 16:7
,mystery,e18b,
,Naam,e72e,1 Chron 4:15
,Naamah_village,e538,Josh 15:41
,Naamah_woman,eeab,Gen 4:22
,Naaman,ec6d,Gen 46:21
,Naarah_village,e472,Josh 16:7
,Naarah_woman,e477,1 Chr 4:5
,Naarai,e81c,2 Sam 23:35
,Nabal,e7ee,1 Sam 25:3
,Naboth,e695,1 Kgs 21:1
,Nacon,e916,2 Sam 6:6
,Nadab,e2e3,Exod 6:23
,Naggai,ec4a,Luke 3:25
,Nahalal,e4e3,Josh 21:35
,Nahaliel,e394,Num 21:19
,Naham,e72f,1 Chron 4:19
,Nahamani,e8b7,Neh 7:7
,Naharai,e81d,1 Chron 11:39
,Nahash,e7e1,1 Sam 11:1
,Nahath,e1c8,Gen 36:13
,Nahbi,e2a6,Num 13:14
,Nahor,ec6e,Gen 11:22
,Nahshon,ea52,Exod 6:23
,Nahum,ec48,Nah 1:1
,nail,ebaa,
,Nain,ea48,Luke 7:11
,name,e04f,
,Naomi,e421,Ruth 1:2
,Naphish,eee9,Gen 25:15
,Naphoth_Dor,e971,1 Kgs 4:11
,Naphtali_land,e5d6,1 Kgs 15:20
,Naphtali_man,ea40,Gen 30:8
,Naphtuh,eeac,Gen 10:13
,Narcissius,ebc9,
,Nathan,ec6f,2 Sam 5:14
,Nathan_Melek,e6b7,2 Kgs 23:11
,Nazareth,e34e,Matt 2:23
,Nazarite,e395,Num 6:22
,Neah,e590,Jos 19:13
,Neapolis,eb4e,Acts 16:11
,near,e300,
,Neariah,e730,1 Chron 3:22
,Nebai,e8b8,Neh 10:19
,Nebaioth,eead,Gen 28:9
,Neballat,e86e,Neh 11:34
,Nebat,e5d7,1 Kgs 11:26
,Nebo,e917,Isa 46:1
,Nebo,e3f9,Isa 46:1
,Nebo_Sarsekim,e912,Jer 39:3
,Nebuchadnezzar,e41c,Jer 21:2
,Nebuzaradan,e8c3,2 Kings 25:8
,Necho,e6b8,2 Kgs 23:29
,neck,e0d3,
,Nedabiah,e731,1 Chron 3:18
,need,e07f,
,needle,e078,
,Negev,eeae,Gen 12:9
,Nehushta,e6b9,2 Kgs 24:8
,Neiel,e591,Jos 19:13
,neighbor,e173,
,Nekoda,e8d3,Ezra 2:48
,Nemuel,e396,Num 26:9
,Nepheg,e2e4,Exod 6:21
,Nephtoah,e539,Josh 15:9
,Nephusim,e869,Neh 7:52
,Ner,e5c6,1 Kgs 2:5
,Nereus,ebca,Rom 16:15
,Nergal_Sharezer,e911,Jer 39:3
,Neri,ec70,Luke 3:27
,Neriah,e913,Jer 32:12
,nest,e399,
,net,e307,
,Netaim,e732,1 Chron 4:23
,Nethanel,e2ff,Num 1:8
,Nethaniah,e785,2 Chron 17:8
,Netophah,e7a4,1 Chron 2:54
,new,e308,
,Neziah,e8d4,Ezra 2:54
,Nezib,e53a,Josh 15:43
,Nibshan,e53b,Josh 15:62
,Nicanor,eb55,Acts 6:5
,Nicodemus,ebab,John 3:1
,Nicolaus,eb56,Acts 6:5
,Nicopolis,ed08,Titus 3:12
,Nile,efdf,Exod 7:18
,Nimrah,e3cf,Num 32:3
,Nimrod,eeaf,Gen 10:8
,Nimshi,e5d8,1 Kgs 19;16
,nine,e294,
,Nineveh,e0c6,Gen 10:12
,no,e17c,
,Noadiah_man,e2f3,Ezra 8:33
,Noadiah_woman,e86a,Neh 6:14
,Noah_man,ea43,Gen 6:8
,Noah_woman,e47a,Num 36:11
,Nob,e463,1 Sam 21:1
,Nobah_land,e3d0,Num 32:42
,Nobah_man,e412,Num 32:42
,Nod,eeb1,Gen 4:16
,Nogah,e81e,1 Chron 14:6
,Nohah,e941,1 Chron 8:2
,Nophah,e39b,Num 21:30
,north,ea74,
,nose,e309,
,now,e215,
,number,e0b7,
,Nun,e2e6,Exod 33:11
,Nympha,ecea,Col 4:15
,Obadiah,e44f,Neh 10:5
,Obal,eeb2,Gen 10:28
,Obed,ea56,Matt 1:5
,Obed_Edom,e63d,1 Chr 13:14
,obey,e04e,
,Obil,e85e,1 Chron 27:30
,Oboth,e39c,Num 33:43
,ocean,e14d,
,offering,e03a,
,Og,e39d,Ps 135:11
,Ohad,efe1,Gen 46:10
,Ohel,e733,1 Chron 3:20
,Oholah,e8f8,Ezek 23:4
,Oholiab,e0cf,Exod 31:6
,Oholibah,e8f9,Ezek 23:4
,Oholibamah_man,e0ac,Gen 36:41
,Oholibamah_woman,efe0,Gen 36:18
,oil,e030,
,Okran,e2a7,Num 1:13
,old,e189,
,olive,eda1,
,Olympus,ebcb,Rom 16:15
,Omar,e1c9,Gen 36:11
,Omri,e60e,Mic 6:16
,on,e113,
,On_city,efe2,Gen 41:45
,Onam,e1ca,Gen 36:23
,Onan,e1cb,Gen 38:8
,one,e28c,
,Onesimus,ecb8,Phlm 1:10
,Ono,e942,1 Chron 8:12
,open,e18a,
,Ophel,e861,2 Chron 27:3
,Ophir_land,e5d9,1 Kgs 10:11
,Ophir_man,eeb3,Gen 10:29
,Ophni,e657,Josh 18:24
,Ophrah_man,e2b6,
,Ophrah_village,e569,Judg 8:27
,or,e106,
,Oreb,e56a,Judg 7:25
,Oren,e7a5,1 Chron 2:25
,Orpah,e422,Ruth 1:4
,other,e184,
,Othni,e943,1 Chron 26:7
,Othniel,e53c,Josh 15:17
,out,e241,
,owe,ea49,
,own,eced,
,ox,ea85,
,Ozem,e7a6,1 Chron 2:15
,Ozni,e39e,Num 26:16
,Pachereth_Hazzebaim,e8ca,Ezra 2:57
,Paddan_Aram,eeea,Gen  25:20
,Padon,e8d5,Ezra 2:44
,Pagiel,e2a8,Num 1:13
,Pahath_Moab,e8d0,Ezra 2:6
,pain,e24f,
,Palal,e86b,Neh 3:25
,Pallu,e1cc,Exod 6:14
,Palti,e1f0,Num 13:9
,Paltiel,e3fb,Num 34:26
,Pamphylia,eb6e,Acts 2:10
,Paphos,eb9f,Acts 13:6
,Parah,e658,Josh 18:23
,paralyze,e131,
,Paran,eeeb,Gen 21:21
,Parmenas,eb57,Acts 6:5
,Parnak,e3fc,Num 34:25
,Parosh,e8ce,Ezra 2:3
,part,e29b,
,Parthia,eb0a,Acts 2:9
,Paruah,e5aa,1 Kgs 4:17
,Parvaim,e865,2 Chron 3:6
,Pasak,e7a7,1 Chron 7:33
,Paseah,e726,1 Chron 4:12
,Pashhur,e63e,1 Chr 9:41
,passion,ebac,
,Passover,e20d,Exod 12:11
,past,e16d,
,pastor,ecc3,
,Patara,ec23,Acts 21:1
,Pathrusites,eeb4,1 Chr 1:12
,patient,e16f,
,Patmos,ebf4,Rev 1:9
,Patrobas,ebcc,Rom 16:14
,Pau,efd0,Gen 36:39
,Paul,e377,Acts 13:9
,pavement,ebad,
,peace,e123,
,Pedahel,e3fd,Num 34:28
,Pedahzur,e2aa,Num 1:10
,Pedaiah,e6ba,2 Kgs 23:36
,Pekah,e684,Isa 17:1
,Pekahiah,e6bb,2 Kgs 15:22
,Pelaiah,e734,1 Chron 3:24
,Pelaliah,e86c,Neh 11:12
,Pelatiah,e735,1 Chron 3:21
,Peleg,ec71,Gen 10:25
,Pelet,e7a8,1 Chron 2:47
,Peleth,e2fb,Num 16:1
,Pelethites,e4b5,1 Kgs 1:38
,pen,e29c,
,Peniel_man,e976,
,Peniel_village,efe4,Gen 32:30
,Peninnah,e4f0,1 Sam 1:2
,Pentecost,ec81,Acts 2:1
,people,e127,
,perceive,e06a,
,Peresh,e7a9,1 Chron 7:16
,Perez,ea4c,1 Chr 27:3
,perfume,e097,
,Perga,eb47,Acts 13:13
,Pergamum,ebf6,Rev 1:11
,period,e37e,
,Perizzites,eeb5,Gen 15:20
,persecution,e03e,
,Persia,e4a4,2 Chr 36:20
,Persis,ebce,Rom 16:12
,person,e11f,
,Peruda,e8cf,Ezra 2:55
,Pethahiah,e7b1,1 Chron 24:16
,Pethor,e2fc,Num 22:5
,Pethuel,e424,Joel 1:1
,Peullethai,e944,1 Chron 26:5
,Phanuel,ec3c,Luke 2:36
,Pharaoh,ec94,Genesis 12:15
,Pharisee,e383,Matt 23:26
,Phicol,eeb6,Gen 21:22
,Philadelphia,ebf8,Rev 1:11
,Philemon,ecf2,Phlm 1:1
,Philetus,ecac,2 Tim 2:17
,Philip,e361,Matt 10:3
,Philippi,e347,Phil 1:1
,Philistia,eeb7,Ps 60:8
,Philologus,ebcf,Rom 16:15
,philosopher,ec04,
,Phinehas,e2c9,Exod 6:25
,Phlegon,ebd1,Rom 16:14
,Phoebe,ebd2,Rom 16:1
,Phoenicia,e343,Acts 11:19
,Phoenix,ec29,Acts 27:12
,Phrygia,eb76,Acts 2:10
,Phygelus,ecb9,2 Tim 1:15
,Pi_Hahiroth,e0da,Exod 14:2
,pig,e30a,
,pigeon,e0b6,
,Pilate,e36f,Matt 27:2
,Pildash,efe3,Gen 22:22
,Pilha,e86d,Neh 10:24
,pillar,eca8,
,pillow,e26c,
,Piltai,e86f,Neh 12:17
,Pinon,efc0,Gen 36:41
,Piram,e417,Josh 10:3
,Pirathon,e523,Judg 12:31
,Pishon,eeb8,Gen 2:11
,Pisidia,eb97,Acts 14:24
,Pispah,e7aa,1 Chron 7:38
,pitch,eeb9,Gen 6:14
,Pithom,e0db,Exod 1:11
,Pithon,e63f,1 Chr 9:41
,Plain_of_Dura,e853,Dan 3:1
,plan,e06b,
,plate,e386,
,plow,ec72,Deut  22:10
,pn,ed11,
,Pokereth_Hazzebaim,e870,Neh 7:59
,Pontus,eb75,Acts 2:9
,poor,ea3a,
,porch,eb5e,John 10:23
,Porcius,ec38,Rev 1:11
,pos,e390,
,possible,e098,
,Potiphar,eeec,Gen 37:36
,Potiphera,e1cd,Gen 41:45
,pour,e0d6,
,power,e124,
,praise,e04b,
,pray,e05e,
,preach,e04d,
,preacher,e134,
,precious,ea37,
,pregnant,e0a5,
,prepare,e091,
,press,e228,Luke 8:45
,pretend,e094,
,priest,e03b,
,prince,eb61,
,priority,ebe7,
,Priscilla,eb18,Acts 18:2
,prison,e172,
,prisoner,e145,
,Prochorus,eb53,Acts 6:5
,profit,e035,
,promise,e37a,
,prophesy,e23b,
,prophet,e135,
,prostitute_man,e5da,1 Kgs 15:12
,prostitute_woman,ecfc,
,proverb,ec73,
,Ptolemais,ec08,Acts 21:7
,Puah_man,e1d3,Judg 10:1
,Puah_woman,e0dc,Exod 1:15
,Publius,ec1a,Acts 28:7
,Pudens,ecba,2 Tim 4:21
,punishment,e1d0,
,Punon,e3fe,Num 33:42
,Purah,e5b2,Judg 7:10
,purple,e286,
,put,e07e,
,Put_man,eeba,1 Chr 1:8
,Puteoli,ec1e,Acts 28:13
,Putiel,e2ca,Exod 6:25
,Pyrrhus,eb1c,Acts 20:4
,Quartus,ebd3,Rom 16:23
,queen,eb15,1  Kgs 10:1
,questioned,e061,
,questionmark,e316,
,quiet,e185,Matt 20:31
,Quirinius,ec3b,Luke 2:2
,Raamah_man,eebb,Gen 10:7
,Raamah_village,e920,Ezek 27:22
,Rabbah,e49e,Deut 3:11
,Rabbith,e507,Josh 19:20
,Rachel,ea41,Gen 29:6
,Raddai,e7ab,1 Chron 2:14
,Rahab,ea55,Josh 2:1
,Raham,e78a,1 Chron 2:44
,rain,ea3e,
,rainbow,ecdc,
,Rakem,e78b,1 Chron 7:16
,Rakkath,e659,Josh19:35
,Ram,ea50,Ruth 4:19
,Ramah,ea42,Josh 18:25
,Ramath_Lehi,e5b3,Judg 15:17
,Ramathaim,e4f1,1 Sam 1:1
,Rameses,efb4,Gen 47:11
,Ramiah,e8e9,Ezra 10:25
,Ramoth_Gilead,e473,1 Kgs 4:13
,Raphu,e2e9,Num 13:9
,Reaiah,e640,1 Chr 5:5
,Reba,e3c4,Num 31:8
,Rebekah,ebd4,Gen 22:23
,rebuke,e060,
,Recab,e529,2 Sam 4:2
,receive,e1a3,
,reckon,ebc0,Rom 4:4
,reconcile,e026,
,red,e287,
,redeem,e02c,
,reed,ea26,
,Reelaiah,e8cb,Ezra 2:2
,Regem,e78c,1 Chron 2:47
,Regem_Melek,e5c8,Zech 7:2
,Rehabiah,e945,1 Chron 26:25
,Rehob,e2ea,Num 13:21
,Rehoboam,ea5a,1 Kgs 11:43
,Rehoboth,eebc,Gen 26:22
,Rehum,e8cc,Ezra 2:2
,Rei,e4b6,1 Kgs 1:8
,Rekah,e736,1 Chron 4:12
,Rekem_city,e418,Josh 18:27
,Rekem_man,e3c3,Num 31:8
,religion,ec33,
,Remaliah,e685,Isa 7:1
,remember,e0d8,
,repeat,e049,
,repent,e320,
,Rephael,e946,1 Chron 26:7
,Rephah,e78d,1 Chron 7:25
,Rephaiah,e64d,1 Chr 9:43
,Rephaim,eebd,Josh 15:8
,Rephidim,e0dd,Exod 17:1
,Resen,eebe,Gen 10:12
,Resheph,e78e,1 Chron 7:25
,result,e237,
,resurrect,e329,
,Reu,ec74,Gen 11:18
,Reuben,ecc0,Gen 29:32
,Reuel,e1ce,Gen 36:4
,Reumah,efc4,Gen 22:24
,reward,e02d,
,Rezeph,e6bc,2 Kgs 19:12
,Rezin,e686,Isa 7:1
,Rezon,e5db,1 Kgs 11:23
,Rhegium,ec1d,Acts 28:13
,Rhesa,ec75,Luke 3:27
,Rhoda,eb92,Acts 12:13
,Rhodes,eb25,Acts 21:1
,rib,eebf,Gen 2:21
,Ribai,e81f,1 Chron 11:31
,Riblah,e3ff,Num 34:11
,right,e0f3,
,right_time,ed10,
,righteous,e090,
,Rimmon_man,e52b,2 Sam 4:2
,Rimmon_Perez,e400,Num 33:19
,Rimmon_village,e53d,Jos 15:32
,ring,ebdf,
,Rinnah,e737,1 Chron 4:20
,Riphath,eec1,Gen 10:3
,Rissah,e401,Num 33:21
,Rithmah,e402,Num 33:18
,river,e30b,
,Rizia,e78f,1 Chron 7:39
,Rizpah,e755,2Sam 21:8
,road,e23c,
,robber,e0e9,
,rock,e26a,
,Rogelim,e7f9,2 Sam 17:27
,Rohgah,e790,1 Chron 7:34
,Romamti_Ezer,e85f,1 Chron 25:4
,Rome,eb16,Acts 2:10
,room,eb06,
,rooster,e25d,
,root,e15c,
,Rosh,e1d2,Gen 46:21
,rough,ec99,Luke 3:5
,Rufus,e36e,Mark 15:21
,Rumah,e6bd,2 Kgs 23:36
,run,e258,
,Ruth,ea57,Ruth 1:4
,Sabbath,e160,Exod 16:23
,Sabtah,eec2,Gen 10:7
,Sabteka,eec3,Gen 10:7
,sacrifice,e0b5,
,sad,e207,
,Sadducee,ea03,Matt 3:7
,sail,e267,
,Sakar,e947,1 Chron 26:4
,Sakia,e948,1 Chron 8:10
,Salamis,ebe1,Acts 13:5
,Salathiel,ec76,1 Chr 3:17
,Salekah,e445,Deut 3:10
,Salim,ebae,John 3:23
,Salma,e791,1 Chron 2:51
,Salmon,ea53,Ruth 4:20
,Salmone,ec15,Acts 27:7
,Salome,e379,Mark 15:40
,salt,e046,
,Salu,e403,Num 25:14
,salvation,eb80,
,Samaria,ea83,1 Kgs 13:32
,Samaritan,ea7b,Luke 10:33
,same,e24b,Matt 26:44
,Samlah,efb0,Gen36:36
,Samos,ec25,Acts 20:15
,Samothrace,eb4c,Acts 16:11
,Samson,ed06,Judg 13:24
,Samuel,eb8e,1 Sam 1:20
,Sanballat,e872,Neh 2:10
,sanctuary,eb01,
,sand,ecfd,
,Sansannah,e60b,Josh 15:31
,Saph,e756,2 Sam 21:18
,Sapphira,eb66,Acts 5:1
,Sarah,ebd5,Gen 17:15
,Sarai,eec4,Gen 11:29
,Saraph,e738,1 Chron 4:22
,Sardis,ebf7,Rev 1:11
,Sargon,e8bb,Isa 20:1
,Sarid,e592,Jos 19:10
,Sashak,e94c,1 Chron 8:14
,Satan,e335,Job 1:6
,Saul,eb54,1 Sam 9:2
,save,e214,
,Savior,ec85,
,scatter,ea34,Matt 26:31
,scepter,e404,Gen 49:10
,Sceva,eb19,Acts 19:14
,scorpion,ec77,
,Scythia,eceb,Col 3:11
,Sea_of_Galilee,e350,Matt 4:18
,Sea_of_Reeds,eb0c,Exod 10:19
,Sea_of_Tiberias,ebaf,John 6:1
,sealed,e221,
,search,e074,
,Seba_land,e544,Isa 43:3
,Seba_man,eec5,Gen10:7 (man)
,Sebam,e49b,Num 32:3
,Secacah,e53f,Josh 15:61
,secret,e186,
,Secundus,eb1d,Acts 20:4
,seed,e27a,
,Segub,e696,1 Kgs 16:34
,Seir,eec6,Gen 14:6
,Seled,e792,1 Chron 2:30
,Seleucia,eb42,Acts 13:4
,self,ea95,
,sell,e32b,
,Semakiah,e949,1 Chron 26:7
,Semein,ec9e,
,Senaah,e8cd,Ezra 2:35
,send,e075,
,Sennacherib,e621,2 Kgs 18:13
,Seorim,e7b2,1 Chron 24:8
,Sephar,eec7,Gen 10:30
,Sepharvaim,e622,2 Kgs 18:34
,Serah,e1d4,Gen 46:17
,Sered,edd1,Gen 46:14
,Sergius,eb45,Acts 13:7
,Serug,ec78,Gen 11:20
,servant,e12d,
,serve,e08e,
,Seth,ec79,Gen 4:25
,Sethur,e2eb,Num 13:13
,seven,e292,
,sew,e077,
,sex,ea87,
,Shaalbim,e5b4,Judg 1:35
,Shaaph,e793,1 Chron 2:47
,Shaaraim,e6d1,1 Sam 17:52
,Shaashgaz,e41d,Esth 2:14
,Shabbethai,e873,Neh 8:7
,shade,e079,
,Shaharaim,e94a,1 Chron 8:8
,Shahazumah,e593,Jos 19:22
,shake,e27d,
,Shallum,e641,1 Chr 9:17
,Shalmai,e980,Ezra 2:46
,Shalmaneser,e623,2 Kgs 18:9
,Shama,e820,1 Chron 11:44
,shame,e065,
,Shamgar,e5b5,Judg 5:20
,Shamir_man,e47d,
,Shamir_village,e524,Judg 10:2
,Shammah,efa0,Gen 36:13
,Shammai,e739,1 Chron 4:17
,Shammua,e2ec,Num 13:4
,Shamsherai,e94b,1 Chron 8:26
,Shapham,e642,1 Chr 5:12
,Shaphan,e68e,2 Kgs 22:3
,Shaphat,e1e8,Num 13:5
,Shaphir,e4aa,Mic 1:11
,Sharai,e8ea,Ezra 10:40
,share,e07a,
,Sharezer,e5c9,Zech 7:2
,Sharon,ec2b,1 Chr 5:16
,sharp,ebf3,
,Shashai,e8eb,Ezra 10:40
,Shashak,e981,1 Chr 8:14
,Shaul,e1d5,Gen 46:10
,shave,eb27,
,Shaveh_Kiriathaim,eec8,Gen 14:5
,Sheal,e8ec,Ezra 10:29
,Shealtiel,ea68,Ezra 3:2
,Shear_Jashub,e687,Isa 7:3
,Sheariah,e643,1 Chr 9:44
,Sheba_land,e425,2 Chr 9:12
,Sheba_man,eec9,2 Sam 20:1
,Shebaniah,e795,1 Chron 15:24
,Sheber,e796,1 Chron 2:48
,Shebna,e624,2 Kgs 18:18
,Shechem_city,ec95,Josh 21:21
,Shechem_man,ec97,Gen 34:20
,Shedeur,e2ed,Num 1:5
,sheep,e270,
,Sheerah,e794,1 Chron 7:24
,Shehariah,e94d,1 Chron 8:26
,Shekaniah,e73a,Ezra 8:3
,Shekaniah,e8ed,Ezra 8:3
,Shelah,ec7a,Gen 38:5
,Shelemiah,e874,Neh 3:30
,Sheleph,eeca,Gen 10:26
,Shelesh,e797,1 Chron 7:35
,Shelomi,e405,Num 34:27
,Shelomith_man,e2f1,1 Chr 23:9
,Shelomith_woman,e543,Lev 24:11
,Shelumiel,e2ee,Num 1:6
,Shem,ec7b,Gen 5:32
,Shema_man,e555,1 Chr 2:43
,Shema_village,e541,Josh 15:26
,Shemaah,e821,1 chron 12:3
,Shemaiah,e786,2 Chron 11:2
,Shemariah,e787,2 Chron 11:19
,Shemeber,eecb,Gen 14:2
,Shemed,e94e,1 Chron 8:12
,Shemer,e697,1 Kgs 16:24
,Shemida,e39f,Num 26:32
,Shemiramoth,e798,1 Chron 15:18
,Shemuel,e411,Num 34:20
,Shenazzar,e73b,1 Chron 3:18
,Sheol,e0c9,2 Sam 22:6
,Shepham,e406,Num 34:10
,Shephatiah,e644,1 Chr 9:8
,shepherd,e271,
,Shepho,e1d6,Gen 36:23
,Shephupham,e3a0,Num 26:39
,Sherebiah,e875,Neh 8:7
,Sheresh,e799,1 Chron 7:16
,Sheshai,e2d3,Num 13:22
,Sheshan,e79a,1 Chron 2:31
,Sheshbazzar,e8c8,Ezra 1:8
,Shethar_Bozenai,e8c7,Ezra 5:3
,Sheva,e79b,1 Chron 2:49
,Shibah,e1d7,Gen 26:33
,shield,e388,
,Shihor,e54b,Josh 13:2
,Shihor_Libnath,e594,Jos 19:26
,Shikkeron,e542,Josh 15:11
,Shilhi,e6a0,1 Kgs 22:42
,Shilhim,e54c,Josh 15:32
,Shillem,edd5,Gen46:24
,Shiloh,e1d8,Josh 18:1
,Shilshah,e79c,1 Chron 7:37
,Shimeam,e645,1 Chr 9:38
,Shimeath,e6be,2 kgs 12:21
,Shimei,e2cb,Num 3:18
,Shimon,e73c,1 Chron 4:20
,Shimrath,e94f,1 Chron 8:21
,Shimri,e950,1 Chron 26:10
,Shimrith,e91e,2 Chron  24:26
,Shimron_man,efe7,Gen 46:13
,Shimron_village,e446,Josh 11:1
,Shimshai,e8ee,Ezra 4:8
,Shinab,eecc,Gen 14:2
,Shinar,eecd,Gen10:10
,Shion,e607,Josh 19:19
,Shiphi,e73d,1 Chron 4:37
,Shiphrah,e0de,Exod 1:15
,Shiphtan,e407,Num 34:24
,Shisha,e5ab,1 Kgs 4:3
,Shishak,e5dc,1 Kgs 11:40
,Shitrai,e860,1 Chron 27:9
,Shittim,e408,Num 25:1
,Shiza,e822,1 Chron 11:42
,Shobab,e69b,2 Sam 5:14
,Shobai,e8c6,Ezra 2:42
,Shobak,e71d,2 sam 10:16
,Shobal,e1d9,Gen 36:20
,Shobek,e876,Neh 10:24
,Shobi,e7fa,2 Sam 17:27
,shoe,e12e,
,Shoham,e7b3,1 Chron 24:27
,Sholmai,e8c9,Ezra 2:46
,shoulder,e132,
,shout,e149,
,show,e162,
,Shua_man,e1e7,1 Chr 2:3
,Shua_woman,e79d,1 Chron 7:36
,Shuah,eeee,Gen 25:2
,Shual_man,e5b0,1 Chr 7:36
,Shubael,e951,1 Chron 26:24
,Shuhah,e73e,1 Chron 4:11
,Shuham,e3b7,Num 26:42
,Shunem,e4b7,1 Kgs 1:3
,Shuni,e0e0,Gen 46:16
,Shur,e1da,Gen 16:7
,Shuthelah,e3b8,Num 26:35
,Siaha,e8c5,Ezra 2:44
,Sibbekai,e73f,1 Chron 20:4
,Sibmah,e3d2,Josh 13:19
,Sibraim,e8fa,Ezek 47:16
,sick,e20a,
,Siddim,eece,Gen 14:3
,side,e10d,
,Sidon_city,e33c,Matt 11:21
,Sidon_man,eecf,Gen 10:15
,sigh,e047,
,sign,e0a9,
,Sihon,e3b9,Num 21:21
,Silas,eb41,Acts 15:22
,Silla,e6bf,2 Kgs 12:20
,Siloam_city,ebb1,Luke 13:4
,Silvanus,eca9,2 Cor 1:19
,silver,eb2b,
,Simeon_land,e788,2 Chron 15:9
,Simon,ea47,John 13:26
,Simon_Jesus_Brother,ea92,Matt 13:55
,Simon_of_Cyrene,e37c,Mark 15:21
,Simon_Peter,e356,Matt 4:18
,Simon_the_Canaanite,e364,Matt 10:4
,Simon_the_Leper,e0f8,Mark 14:3
,sin,e08f,
,Sin,e0ea,Ezek 30:15
,sing,e0e2,
,Sinim,e918,Isa 49:12
,Sinites,eed1,Gen 10:17
,sinner,e151,
,Siphmoth,e720,1 Sam 30:28
,Sippai,e740,1 Chron 20:4
,Sirah,e7fb,2 Sam 3:26
,Sisera,e5b6,Judg 5:20
,Sismai,e777,1 Chron 2:40
,sister,e00e,
,sisters,e00f,
,Sithri,e2e5,Exod 6:22
,Sitnah,eed2,
,six,e291,
,skull,e20f,
,sky,ec8b,
,slave,e10e,
,sleep,e121,
,slow,e19c,
,small,e19b,
,smaller,e32e,
,smoke,ec03,
,smooth,ec9a,
,Smyrna,ebf5,Rev 1:11
,snake,e30c,
,snow,ebfb,
,Sodi,e2d4,Num 13:10
,Sodom,ea8e,Gen 10:19
,soft,e268,
,Soko,e741,1 Chron 4:18
,Sokoh,e54d,Josh 15:35
,soldier,e12f,
,Solomon,ea32,2 Sam 5:14
,son,e004,
,Son_of_Man,e352,Matt 8:20
,sons,e005,
,Sopater,ec20,Acts 20:4
,sorcery,ec8c,
,Sorek,e5b7,Judg 16:14
,Sosthenes,eb3c,Acts 18:17
,Sotai,e8c4,Ezra 2:55
,soul,e10f,
,sound,ebe9,
,south,ea31,
,sow,e07d,
,sower,e133,
,Spain,ebd6,Rom 15:24
,spice,ecfe,
,spirit,e187,
,spit,e048,
,sponge,ea18,
,spot,ed01,
,spy,ed07,
,Stachys,ebd7,Rom 16:9
,staff,e14c,
,stair,e0d9,
,stand,e32c,
,star,e0c3,
,start,e231,
,stay,e83b,
,steal,e07b,
,stem,ea01,
,Stephanas,ebea,1 Cor 1:16
,Stephen,eb6b,Acts 6:5
,stern,e266,
,stewardship,e07c,
,stick,e398,
,Stoic,ec06,Acts 17:18
,stomach,e0c8,
,stop,e073,
,storehouse,ec43,
,storm,e27c,
,story,e22d,
,straight,e313,
,stranger,e069,
,strangled,eb33,
,stretch,e31c,
,string,ecc7,
,strong,e08a,
,stumble,e257,
,stumbling_block,ea27,
,Suah,e776,1 Chron 7:36
,Succoth_city,e0a0,Josh 13:27
,Succoth_land,e2e7,Gen 33:17
,suffering,e222,
,Sukkites,e811,2 Chron 12:3
,summer,e0c4,
,sun,e15f,
,sundown,e161,
,Suphah,e3d5,Num 21:14
,Susa,e4a5,Ezra 4:9
,Susanna,ec7c,Luke 8:3
,sweet,e30d,
,sword,e282,
,Syene,e8fb,Ezek 30:6
,synagogue,e0b9,
,Syntyche,ece6,Phil 4:2
,Syracuse,ec1c,Acts 28:12
,Syria,e342,Matt 4:24
,Taanach,e447,Josh 12:21
,Tabaliah,e952,1 Chron 26:11
,Tabbaoth,e8d7,Ezra 2:43
,Tabbath,e5b8,Judg 7:22
,Tabeel,e688,Isa 7:6
,Taberah,e2d5,Num 11:3
,table,e280,
,Tabor_village,e65d,1 Chron 6:77
,Tabrimmon,e5f1,1 Kgs 15:18
,Tadmor,e866,2 Chron 8:4
,Tahan,e476,Num 26:35
,Tahash,e1db,Gen 22:24
,Tahath_land,e409,Num 33:26
,Tahath_man,e974,1 Chr 6:24
,Tahpanhes,e87a,Jer 2:16
,Tahrea,e646,1 Chr 9:41
,tail,ecd6,
,Talmai,e2d6,Num 13:22
,Talmon,e647,1 Chr 9:17
,Tamar,ea4e,Gen 38:6
,tambourine,e413,
,Tanhumeth,e7cf,2 Kgs 25:23
,Taphath,e5ac,1 Kgs 4:11
,Tappuah_man,e778,1 Chron 2:43
,Tappuah_village,e448,Josh 12:17
,Taralah,e65a,Josh 18:27
,Tarshish_man,eed3,Gen 10:4
,Tarshish_village,eed4,Ps 48:7
,Tarsus,ec30,Acts 9:11
,taste,ea07,
,Tattenai,e8d8,Ezra 5:3
,tax,e02b,
,tax_collector,e12a,
,teach,e04c,
,teacher,e12b,
,Tebah_man,e0b0,Gen 22:24
,Tebah_village,e742,1 Chron 18:8
,teeth,e0b1,
,Tehinnah,e743,1 Chron 4:12
,Tekoa,e8c1,2 Samuel 25:26
,Tekoa_man,e1ff,1Cron 2:24
,Tekoa_village,e45d,2 Sam 14:2
,Tel_Assar,e6c0,2 Kgs 19:12
,Telah,e779,1 Chron 7:25
,Telem_man,e2a9,Num 13:9
,Telem_village,e54e,Josh 15:24
,Tema_land,ea60,Isa 21:14
,Tema_man,eeed,Gen 25:15
,Temah,e8bc,Ezra 2:53
,Teman_land,e1e1,Jer 49:20
,Teman_man,ef90,Gen 36:11
,Temeni,e744,1 Chron 4:6
,temple,e03d,
,tempt,e183,
,ten,e295,
,tent,eb32,
,Terah_land,e40a,Num 33:28
,Terah_man,ec7d,Gen 11:24
,Teresh,e4a6,Esth 2:21
,Tertius,ebee,Rom 16:22
,Tertullus,eb9b,Acts 24:1
,test,ec21,
,testimony,e22e,
,Thaddaeus,e37b,Matt 10:3
,Thebes,e44a,Jer 46:25
,Thebez,e5b9,Judg 9:50
,Theophilus,eb67,Luke 1:3
,Thessalonica,eb12,Acts 17:1
,Theudas,eb71,Acts 5:36
,they,e125,
,thigh,ed0d,
,thing,e105,
,thirst,eccf,
,this,e226,
,Thomas,e363,Matt 10:3
,thorn,e27b,
,thousand,e296,
,three,e28e,
,threshing,ea39,
,threshing_floor,ec42,
,throne,ec84,
,through,e10b,
,throw,e327,
,Thummim,e0eb,Exod 28:30
,thunder,e044,
,Thyatira,eb52,Acts 16:14
,Tiberias_city,ebb0,John 6:23
,Tiberius_man,ec3d,Luke 3:1
,Tibni,e612,1 Kgs 16:21
,Tidal,eed5,Gen 14:1
,tie,e30e,
,Tiglath_Pileser,e648,1 Chr 5:6
,Tigris,eed6,Dan 10:4
,Tikvah,e68f,2 Kgs 22:14
,Tilon,e745,1 Chron 4:20
,Timaeus,e36c,Mark 10:46
,time,e16a,
,Timna_man,e0ad,Gen 36:22
,Timna_woman,ef80,Gen 36:12
,Timnah,e1dc,Josh 15:10
,Timnath_Heres,e5ba,Judg 2:9
,Timnath_Serah,e4e4,Josh 24:30
,Timon,ec96,Acts 6:5
,Timothy,ec02,1 Tim 1:2
,Tiphsah,e5ad,1 Kgs 4:24
,Tiras,eed7,Gen 10:2
,Tirhakah,e6c1,2 Kgs 19:9
,Tirhanah,e77a,1 Chron 2:48
,Tiria,e746,1 Chron 4:16
,Tirzah_village,e449,Josh 12:24
,Tirzah_woman,e3ba,Num 26:33
,Tishbe,e625,2 Kgs 1:3
,tithe,ed0f,
,Titus,eb38,Titus 1:4
,Tob,e5bb,Judg 11:3
,Tob_Adonijah,e789,2 Chron 17:8
,Tobiah,e751,Ezra 2:60
,toe,e2c8,
,Togarmah,eed8,Gen 10:3
,together_people,e126,
,Tohu,e4f2,1 Sam 1:1
,Token,e747,1 Chron 4:32
,Tola,e0c0,Gen 46:13
,tomb,e178,
,tongue,e045,
,tool,eb34,
,Tophel_land,e487,
,Topheth,e6c2,2 Kgs 23:10
,Tou,e748,1 Chron 18:9
,touch,e10c,
,tower,e30f,
,Trachonitis,ec3f,Luke 3:1
,transfiguration,e31f,
,tree,e244,
,tribe,ea81,
,Troas,ec0b,Acts 16:8
,Trophimus,eb1e,Acts 20:4
,trouble,e333,
,true,e09c,
,trumpet,ea79,
,trust,e023,
,try,eb94,
,Tryphaena,ebd8,Rom 16:12
,Tryphosa,ebd9,Rom 16:12
,Tubal,eed9,Gen 10:2
,Tubal_Cain,eeef,Gen 4:22
,twin,ec1b,
,two,e28d,
,Tychicus,ecbb,Acts 20:4
,type,ed00,
,Tyrannus,eb3f,Acts 19:9
,Tyre,e33b,Josh 19:29
,Ulai_Canal,e854,Dan 8:2
,Ulam,e953,1 Chron 8:39
,Ulla,e77b,1 Chron 7:39
,Ummah,e608,Josh 19:30
,under,e10a,
,understand,e063,
,unity,e297,
,unleavened,e043,
,Unni,e77c,1 Chron 15:18
,untie,e37f,
,until,e16c,
,up,e315,
,Ur_land,efa5,Gen 11:28
,Ur_man,e823,1 Chron 11:35
,Urbanus,ebda,Rom 16:9
,Uri,e2e8,Exod 31:2
,Uriah,ea46,2 Sam 11:3
,Uriel,e954,1 Chron 6:24
,Urim,e2cc,Exod  28:30
,us,e167,
,use,e08d,
,Uthai,e649,1 Chr 9:4
,Uz_land,e1dd,Job 1:1
,Uz_man,eef1,Gen 10:23
,Uzai,e877,Neh 3:25
,Uzal,eef2,Gen 10:27
,Uzzah,e64a,1 Chr 13:7
,Uzzi,e64b,1 Chr 9:8
,Uzzia,e824,1 Chron 11:44
,Uzziah,ea5f,2 Kgs 15:13
,Uzziel,e2f2,Exod 6:18
,valley,eba7,
,Valley_of_Eskol,e2d7,Num 13:23
,Vaniah,e8ef,Ezra 10:36
,Vashti,e4a7,Esth 1:9
,vendor,e0b4,
,very,e211,
,victory,eb14,
,village,e19a,
,vine,ec91,
,vineyard,e27f,
,virgin,ea7e,
,voice,e042,
,Vophsi,e40b,Num 13:14
,Waheb,e3bb,Num 21:14
,waist,e391,
,wait,ea11,
,walk,e256,
,wall,e288,
,war,e283,
,wash,e08b,
,watchman,e0a8,
,watchtower,e23a,
,water,e247,
,wave,e328,
,weak,ea24,
,weary,ebfe,
,wedding,e011,
,week,ebb2,
,weigh,e0e6,
,well,ebb3,
,west,ea89,
,what,e109,
,wheels,e7d0,1 Kgs 7:30
,where,e15a,
,whip,e310,
,white,e285,
,who,e1a1,
,why,e067,
,wide,ecc4,
,widow,e016,
,wife,e014,
,wild,e17e,
,wilderness,e156,
,wind,e220,
,window,e311,
,wine,e275,
,wing,eb7d,
,winnowing_fork,ec41,Matt 3:12
,winter,e16b,
,wisdom,e064,
,with,e24c,
,woman,e008,
,wool,ebfa,
,word,ebb4,
,Word,ebb8,John 1:1
,work,e08c,
,world,e129,
,worm,ea06,
,Wormwood,ecd3,Rev 8:11
,worse,e182,
,worth,e09b,
,wrap,ea19,
,wrath_of_God,e02a,
,writer,e12c,
,wrong,ea02,
,Yahweh,e0c7,Exod 6:3
,year,e15e,
,yellow,ecdb,
,yoke,eb09,
,you,e314,
,young,e0f1,
,Zaanan,e4ab,Mic 1:11
,Zaanannim,e5bc,Judg 4:11
,Zaavan,ef70,Gen 36:27
,Zabad,e77d,1 Chron 2:37
,Zabdi,e54f,Josh 7:1
,Zabdiel,e863,1 Chron 27:2
,Zabud,e5ae,1 Kgs 4:5
,Zacchaeus,ec7e,Luke 19:2
,Zaccur,e1f1,Num 13:4
,Zadok,ea6d,2 Sam 15:24
,Zaham,e7c7,2 Chron 11:19
,Zakkai,e8bd,Ezra 2:9
,Zalaph,e878,Neh 3:30
,Zalmon,e95d,2 Sam 23:28
,Zalmonah,e40c,Num 33:41
,Zalmunna,e5bd,Judg 8:5
,Zanoah_man,e749,1 Chron 4:18
,Zanoah_village,e550,Josh 15:34
,Zaphon,e525,Judg 12:11
,Zarephath,ec7f,1 Kgs 17:9
,Zarethan,e4e5,Josh 3:16
,Zattu,e8be,Ezra 2:18
,Zaza,e95c,1 Chron 2:33
,Zebadiah,e955,1 Chron 26:2
,Zebah,e5be,Judg 8:5
,Zebedee,e359,Matt 4:21
,Zebidah,e6c3,2 Kgs 23:36
,Zebina,e914,Ezra 10:43
,Zeboim,e879,Neh 11:34
,Zeboyim,eef3,1 Sam 13:18
,Zebul,e5bf,Judg 9:28
,Zebulun_land,e5c0,Judg 4:6
,Zebulun_man,ea3f,Gen 30:20
,Zechariah,ea98,Zech 1:1
,Zedad,e40d,Num 34:8
,Zedekiah,e6a1,1 Kgs 22:11
,Zeeb,e5c1,Jus 7:25
,Zeker,e956,1 Chron 8:31
,Zelah,e65b,Josh 18:28
,Zelek,e825,1 Chron 11:39
,Zelophehad,e3bc,Num 26:33
,Zemaraim,e701,Jos 18:22
,Zemarites,eef4,Gen 10:18
,Zemirah,e77f,1 Chron 7:8
,Zenas,ed09,Titus 3:13
,Zephaniah,e60f,Zeph 1:1
,Zephath,e5c2,Judg 1:17
,Zepho,e1de,Gen 36:11
,Zephon,e0d0,Num 26:15
,Zer,e609,Josh 19:35
,Zerah,ea4d,Gen 36:13
,Zerahiah,e957,1 Chron 6:6
,Zered,e3bd,Deut 2:13
,Zeredah,e5f2,1 Kgs 11:26
,Zeresh,e4a8,Esth 5:10
,Zereth,e74a,1 Chron 4:7
,Zereth_Shahar,e551,Josh 13:19
,Zeri,e864,1 Chron 25:3
,zero,e28b,
,Zeror,e6d2,1 Sam 9:1
,Zeruah,e5f3,1 Kgs 11:26
,Zerubbabel,ea69,Ezra 2:2
,Zeruiah,e4dd,1 Kgs 1:7
,Zetham,e958,1 Chron 26:22
,Zethan,e780,1 Chron 7:10
,Zeus,eb2d,Acts 14:12
,Zia,e64c,1 Chr 5:13
,Ziba,e52c,2 Sam 9:2
,Zibeon,ef60,Gen 36:20
,Zibia,e959,1 Chron 8:9
,Zibiah,e71f,2 Kgs 12:1
,Zichri,e2cd,Exod 6:21
,Ziddom,e60a,Josh 19:35
,Ziha,e8bf,Ezra 2:43
,Ziklag,e52d,2 Sam 4:10
,Zillah,eef5,Gen 4:19
,Zillethai,e95a,1 Chron 8:20
,Zilpah,efa6,Gen 29:24
,Zimmah,e95b,1 Chron 6:20
,Zimran,e1df,Gen 25:2
,Zimri,e40e,Num 25:14
,Zin,e1f2,Num 13:21
,Zior,e552,Josh 15:54
,Ziph_man,e556,1 Chr 2:42
,Ziph_village,e553,Josh 15:24
,Ziphah,e74b,1 Chron 4:16
,Ziphron,e40f,Num 34:9
,Zippor,e2fd,Num 22:2
,Zipporah,e2ce,Exod 2:21
,Ziza,e74c,1 Chron 4:37
,Zoan,e1f3,Num 13:22
,Zoar,eef6,Gen 13:10
,Zobah,e7e2,1 Sam 14:47
,Zohar,efa7,Gen 23:8
,Zoheleth,e4de,1 Kgs 1:9
,Zoheth,e74d,1 Chron 4:20
,Zophah,e781,1 Chron 7:35
,Zophar,e7c9,Job 2:11
,Zophim,e3be,Num 23:14
,Zorah,e554,Josh 15:33
,Zuar,e1f4,Num 1:8
,Zuph,e4f3,1 Sam 1:1
,Zur,e410,Num 25:15
,Zuriel,e1f5,Num 3:35
,Zurishaddai,e1f6,Num 1:6
,Zuzites,eef7,Gen 14:5
