,Aaron,,eb0d,"man: voice: mouth,said,speak,confession: ear,hear"
,Abaddon,Appolyon Abaddon,ecd7,"Man: kill,destroy,destruction: knife,cut: very: person"
,Abel,,ea96,man: good
,Abel_Mizram,,efa9,
,Abiathar,,e35f,"man: harvest: hand: grain,wheat"
,Abida,,eef8,"Man: more: up: many,much: know,knowledge"
,abide,dwell abide,e17b,"house: alive,life,live: good: heart"
,Abijah,,ea5b,"man: king,master,ruler,lord: love,compassion"
,Abilene,,ec4d,"grass: land,ground,earth,space"
,Abimael,,e0fb,"Man: no,not: king,master,lord,ruler: love,compassion "
,Abimelech,,e0ab,"Man: bad: no,not: good: lead,leader,manage: forward,to: person"
,Abiud,,ea6a,"man: person: praise: mouth,said,speak,confession: good"
,abomination,,e0a4,"hate,enmity: love,compassion: no,not: thing"
,about,,e11b,thing
,above,over above,e110,up: thing
,Abraham,,e373,"man: many,much: man: love,compassion"
,Abram,,e1d1,"OT: man: man: love,compassion"
,Abyss,,ec4e,"no,not: end,finish: land,ground,earth,space"
,according_to,,e24d,"same,equal: mouth,said,speak,confession"
,accuse,criticize accuse revile,e055,"mouth,said,speak,confession: bad: no,not: good"
,Achaia,,eb7c,"pain,hurt: knife,cut: heart: land,ground,earth,space"
,Achaicus,,eca5,Man: cross: people
,Achim,,ea6e,"man: plan: know,knowledge: pen,write"
,Adah,,eda7,Woman: good: face
,Adam,,ec4f,"man: dirt,soil,ground_soil: land,ground,earth,space"
,Adbeel,,e0fe,"Man: no,not: cry: sad,grieve"
,Addi,,ec50,"man: mouth,speak,said,confession: me,i"
,Admah,,eda8,"Red: blood: hand: wet,water: color: village: many,much: neighbor: house: near,close"
,Admin,,ec51,"man: arise,ascend"
,adopt,adoption adopt,e177,"house: love,compassion: small,few"
,Adramyttlum,,eb93,
,Adriatic_Sea,,ec17,"ocean,sea: big: wet,water: no,not: plant,tree,wood"
,Adullam,,efaa,"story,parable,report,message,news: book,read,learn: mouth,said,speak,confession: village: many,much: neighbor: house: near"
,adultery,,e027,"love,compassion: bad: no,not: good: eye,see"
,Aeneas,,ec2a,"man: good: crooked: no,not: straight"
,Aenon,,eba1,"man: wet,water: go,travel,journey"
,afraid,fear afraid worry,e056,"mouth,said,speak,confession: heart"
,after,,e11d,"thing: forward,to"
,Agabus,,eb89,man: insect
,against,oppose against,e330,forward: backward
,Agrippa,,eb9d,"man: pain,hurt: knife,cut: heart"
,Ahaz,,ea61,"man: hand: bad: no,not,: good"
,Ahuzzath,,eda9,man: thing
,Ai,,edaa,"kill,destroy,destruction: knife,cut: person: village: many,much: neighbor: house: near"
,Aiah,,e0fd,"Man: small,few: rooster: bird: sun,day"
,air,,e312,
,Akan,,efe5,"Man: change,turn"
,Akbor,,e0ed,"Man: small,few: war,fight,battle"
,Akkad,,edab,"Chain,bound,imprisoned,arrest: village: many,much: neighbor: house: near"
,alabaster,,e0d4,"money,wealth,wealthy: hard: no,not: soft: thing"
,Alexander,,ea14,man: shield: person
,Alexandria,,eb5a,"save,rescue: very: help: straight: people: village: many,much: neighbor: house: near,close"
,alive,life alive live,e09f,good: heart
,all,whole all,e251,
,Allon_bakuth,,efab,
,allow,permission allow permit,e04a,"mouth,said,speak: king,master,ruler,lord"
,Almodad,,edac,"Man: immeasurable: no,not: measure"
,alone,only alone,e223,very : one
,Alphaeus,,ec24,"man: work,do"
,altar,,ea3c,"table: gift: hand: love,compassion"
,Alvah,,efe6,"Man: lust: bad: no,not: good: eye,see"
,Alvan,,efe8,"Man: very: lust: bad: no: good: eye,see"
,always,eternal always eternity,e252,"all,whole: time,when"
,Amalek,,efe9,
,amazed,amazing amazed great,e14a,"big: praise: mouth,said,speak,confession: good"
,ambassador,,ebfd,"Eye,see: person: mouth,said speak,confession"
,amen,,e100,"good: all,whole"
,Amittai,,e1cf,"Man: fly: love,compassion"
,Amminadab,,ea51,"man: free: no,not: chain,bound,arrest,imprisoned "
,Ammon,,edae,"big: people: land,ground,earth,space"
,Ammorites,,edaf,
,Amon,,ea64,"man: quiet,silence: no,not: mouth,said,speak,confession: ear,hear"
,Amos,,ec47,man: hand: big
,Amphipolis,,eb2e,"ocean,sea: big: water,wet: village: many,much: neighbor: house: near,close"
,Ampliatus,,ebb9,man: very: big
,Amraphel,,edb1,"Man: mute: mouth,said,speak,confession: no,not"
,Anah,,e0ba,"Man: many,much: no,not: knife,cut"
,Anam,,edb2,"Man: knife,cut: water,wet"
,Ananias,,eb65,"man: king,ruler,lord,master: happy,joy: face"
,ancestor,,ec80,"very: past: backward: time,when: man: love,compassion"
,and,,e11c,thing
,Andrew,,e357,man: man
,Andronicus,,ebba,man: very: good
,Aner,,edb3,"Man: two: water,wet"
,angel,,e0a7,"good: spirit: no,not: person"
,anger,angry anger,e204,
,animal,,e102,
,Anna,Hannah Anna,eb02,"woman: no,not: knife,cut"
,Annas,,eb63,"man: forgive: no,not: kill,destroy: knife,cut: person"
,annointed,,e033,
,another,next another,ebf2,"Person: after: thing: forward,to"
,Antichrist,,ed0e,"Deceive,deception,lead_astray,false,lie: bad: no,not: good: cross: measure"
,Antioch,,eb58,"against: backward: forward,to: village: many,much: neighbor: house: near,close"
,Antipas,,ec01,"Man: dead,death,die: no,not: heart: very: believe,faith: know,knowledge: cross"
,Antipatris,,eb9a,"man: against: backward: forward,to: family: house: love,compassion"
,Apelles,,ebbb,"man: divide,split,division,separate"
,Apollonia,,eb30,"Kill: knife,cut: person: village: many,much: neighbor: house: near,close"
,apostle,,ebef,"Cross: person: mouth,said,speak,confession"
,Apphia,,ecf1,"Woman: wine: cup,drink: fruit"
,appointed,,e041,"mouth,said,speak,confession: near,close : person"
,Appolos,,eb3e,
,Aquila,,eb17,"man: eat,food,meal: mouth,said,speak,confession: thing"
,Arabia,,eb77,"land,ground,earth,space: wilderness,desert: no,not: tree,plant,wood"
,Aram,,edb4,"Sun,day: land,ground,earth,space"
,Aran,,e0fa,"Man: small,few: goat: sheep: soft: bone"
,Ararat,,edb5,"Accuse: mouth,said,speak,confession: bad; no,not; good: mountain"
,Archippus,,ece7,Man: good: horse
,Ard,,e0ff,"Man: many,much: child: small,few: person"
,Areli,,efac,"Man: beast: animal: bad: no,not: good"
,Areopagus,,ec35,"council: body: lead,leader: forward,to: person: hill: small,few: mountain"
,Aretas,,eca6,"Man: big: war,fight,battle"
,argument,,e057,"mouth,said,speak,confession: wild: no,not: peace: sleep,rest,lie_down: love,compassion"
,Arimathea,,e34d,"cross: tomb: house: dead,death,die: no,not: heart: village: many,much: neighbor: house: near,close"
,Arioch,,edb6,Man: lion: hair: face: animal
,arise,ascend arise,e322,Up: straight
,Aristarchus,,ec10,"man: good: king,ruler,lord,master"
,Aristobuius,,ebbc,
,Arkites,,edb7,Run: walk: very: people
,arm,,e14e,big
,armor,,ebbd,metal: body: person
,Arni,,ec52,"man: good: happy,joy: face"
,Arodi,mine Arodi my,e168,"Man: very: donkey: small,few: horse"
,around,,e31b,
,Arphaxad,,ec53,"man: no,not: hand"
,arrow,,ecbf,"Throw: knife,cut"
,Artemas,,ec34,"man: very: all,whole"
,Arvad,,edb8,"Fast_speed: very: forward,to: land,ground,earth,space"
,Asa,,ea5c,"man: heal: hand: health,healthy: happy,joy: face: heart"
,Asenath,,efad,"woman: heart: bad: no,not: good"
,ash,,ea90,"Bad: no,not: good: air"
,ashamed,,e05f,"quiet,silence: no,not: mouth,said,speak,confession: heart"
,Ashbel,,efae,"Man: eat,food,meal: mouth,said,speak,confession: thing: fire,heat,hot"
,Asher,,ebde,"Man: happy,joy: face"
,Ashhur,,ebdd,"Man: happy,joy: face: land,ground,earth,space"
,Ashkenaz,,edb9,"Man: cold: no,not: fire,heat,hot"
,AshterothKarnaim,,edba,
,Ashur_land,,e0ef,"Black: color: moon,night: land,ground,earth,space"
,Ashur_man,,edbb,"Man: black: color: moon,night"
,Asia,,eb6f,"direction: land,ground,earth,space"
,Asshurites,,e1ef,"Many,much: war,battle,fight: people"
,Assos,,eb20,"near,close: village: many,much: neighbor: house"
,assurance,confidence assurance,e070,"know,knowledge: know,knowledge"
,Assyria,,edbc,"Up: grow,growth,ripen: land,ground,earth,space"
,Asyncritius,,ebbe,"man: go,travel,journey"
,Athens,,eb07,"ignorant,ignorance: village: many,much: neighbor: house: near,close"
,Atod,,efaf,
,Attalia,,eb31,"time,when: village: many,much: neighbor: house: near,close"
,authority,,e034,"King,ruler,lord,master: mouth,said,speak,confession"
,avenge,revenge avenge vengeance,ed0c,"Backward: Hand: same,equal"
,Avith,,efea,"OT: man: small,few: old: no,not: new"
,awake,,ec54,"end,finish: sleep,rest,lie_down"
,away,,e11e,thing
,Azor,,ea6c,"man: person: help: helper,attendant: straight: people"
,Azotus,,eb7e,"praise,worship,exalt,dignify: mouth,said,speak,confession: good: tree,plant,wood: village: many,much: neighbor: house: near,close"
,Baal,,ebbf,"have: hand: .: mute: mouth,said,speak: no,not: thing"
,Baal_Hanan,our Baal_Hanan ours,e169,"Man: very: no,not: knife,cut"
,baby,,e0a6,"very: small,few: person"
,Babylon,Babylon Babel,ea67,"ignorant,ignorance: know,knowledge: no,not: land,ground,earth,space"
,backward,,e325,
,bad,,e17d,"no,not: good"
,bag,,e26f,soft: box
,Balaam,,eca1,"Man: prophesy: eye,see: forward,to: donkey: small,few: horse"
,Balak,,ebff,"Man: bad: no,not: good: king,ruler,lord,master"
,bank,,ec55,"house: money,wealth,wealthy: hand"
,baptize,baptize baptism,e24a,"Water,wet: person"
,Bar_JesusNotChrist,,ec89,
,Barabbas,,e36d,"man: kill,destroy: knife,cut: person"
,Barachiah,,ea97,"man: happy,joy: face: many,much"
,Barak,,ed02,Man: shake
,Barnabas,,ec2f,"man: encourage: free,freedom: no,not: chain,imprisoned,bound,arrest: heart"
,Barsabbas,,eb69,"man: water,wet"
,Bartholomew,,e362,"man: up: water,wet"
,Bartimaeus,,e36b,"man: blind: no,not: eye,see"
,Basemath,,edbd,"Woman: perfume,fragrant: good: nose,smell"
,basket,,e19f,"small,few: net"
,bear,,ecef,Shield: animal
,bear_with,,e227,"very: with: same,equal: people"
,beast,,e103,"animal: bad: no,not: good"
,beat,hit beat,e0e4,"hand: pain,hurt: knife,cut: heart"
,beauty,beauty beautiful,ea4a,"good: eye,see"
,because,purpose because reason therefore,e066,"know,knowledge: ?"
,become_person,convert become_person,e83a,"change,turn: person"
,become_thing,,e839,"change,turn: thing"
,bed,mattress bed,e122,"Sleep,rest,lie_down: straight"
,Bedad,,e1ee,"Man: same,equal: part"
,Beer_Lahai_Roi,,eef9,"Eye,see: well: water,wet: hole"
,Beeri,,edbe,Man: hole
,Beersheba,,edbf,"Promise: mouth,said,speak,confession: work,do: village: many,much: neighbor: house: near,close"
,before,,e107,backward: thing
,beg,,e21e,"very: mouth,said,speak,confession: desire,like,want,will: love,compassion: heart"
,behind,,e116,thing: thing
,Beker,,efb1,Man: camel
,Bela_man,,e1ed,"Man: king,lord,ruler,master: near,close"
,Bela_town,,edc1,
,believe,faith believe,e06f,"know,knowledge: cross"
,belt,,e29d,
,Ben_Ammi,,edc2,Man: big: people
,Ben_oni,,e1a4,OT: man: man
,Benjamin,,eb4b,man: hand
,Beor,,eda3,"Man: very: fire,heat,hot"
,Bera,,edc3,"Man: bad: no,not: good"
,Berea,,eb13,"no,not: walk: village: many,much: neighbor: house: near,close"
,Bered_city,,e2d0,"Hail_storm: cloud: soft: thing: hard: soft: no,not: village: many,much: neighbor: house: near,close"
,Bered_man,,efb2,"Man: hail_storm: cloud: soft: thing: hard: soft: no,not"
,Beriah,,efb3,"Man: heart: bad: no,not: good"
,Bernice,,eb9e,"woman: victory,prevail,triumph: king,lord,ruler,master: war,fight,battle"
,beside,,e117,thing: .
,best,,e21f,very : good
,Bethany,,e349,"house: pain,hurt: knife,cut: heart: village: many,much: neighbor: house: near,close"
,Bethel,,edc4,"Hei: village: many,much: neighborhood: house: near,close"
,Bethesda,,eba0,"love,compassion: person: lake: small,few: water,wet"
,Bethlehem,,ea45,"birth,born: start,beginning: person: village: many,much: neighbor: house: near,close"
,Bethphage,,e348,"Cross: horse: village: many,much: neighbor: house: near,close"
,Bethsaida,,e340,"harvest: hand: grain,wheat: village: many,much: neighbor: house: near,close"
,Bethuel_city,,e1e0,"OT: man: clean,pure: water,wet: good: village: many,much: neighbor: house: near,close"
,Bethuel_man,,e1a0,"OT: man: clean,pure: water,wet: good"
,betray,betrayal betray,e195,"no,not: trust: love,compassion: good: measure"
,better,,e09e,"good: many,much"
,between,,e118,thing: stick
,Bible,Scripture Bible Word_of_God,e22c,"book,read,learn: cross"
,big,,e120,
,Bilhah,,eefa,"Woman: strong: hand: power,ability,can: big: knife,cut"
,Bilhan,,efeb,"Man: humble,humility: small,few: mouth,said,speak,confession: me,I"
,bird,,e25c,
,Birsha,,edc5,"Man: bad: no,not: good: forward,to"
,birth,born birth,e235,"start,beginning: person"
,Bithynia,,eb48,"break: knife,cut: all,whole: land,ground,earth,space"
,bitter,,ecd2,"Bad: no,not: good: tongue: mouth,said,speak,confession: clothing,fabric"
,black,,eb86,"color: moon,night"
,blasphemy,blasphemy blaspheme insult,e05b,"mouth,said,speak,confession: bad: no,not: good: king,lord,ruler,master: man: love,compassion"
,Blastus,,eb8d,"man: small,few: tree,plant,wood"
,bless,blessing bless,e05c,"mouth,said,speak,confession: gift: hand: love,compassion"
,blessed,,ea21,"happy,joy: face: many,much"
,blind,,e192,"no,not: eye,see"
,blood,,e087,"hand: water,wet"
,blue,,ecda,"River,stream: color"
,boast,pride boast proud,e14b,"big: mouth,said,speak,confession: me,I"
,boat,,e265,
,Boaz,,ea54,"man: fast_speed: very: forward,to"
,body,,e143,person
,bone,,e0b2,
,book,learn book read,e22a,
,bottom,,e119,thing
,bow,,e210,face: down
,bow_arrow,,ecc8,"String: war,battle,fight"
,bowl,dish bowl,e384,
,box,,e29e,
,boy,,e001,"small,few: man"
,boys,,e002,"small,few: man"
,Bozrah,,efec,"Sheep: soft: keep: very: have: hand: village: many,much: neighbor: house: near,close"
,branch,,e246,"tree,plant,wood"
,brave,courage brave,e196,"no,not: afraid,fear: mouth,said,speak,confession: heart"
,bread,loaf bread,e05d,"mouth,said,speak,confession: grain,wheat"
,break,,e0e1,"knife,cut: all,whole"
,breastplate,,ecd5,Shield: body: person
,breath,breathe breath,ecee,"Mouth,said,speak,confession: air"
,bribe,,ebdb,"Bad: no,not: good: forward,to: money,wealth,wealthy"
,brick,,eefb,"Make,create: hand: person: rock: hard: soft: no,not: thing"
,bride,,e015,"start,beginning: love,compassion: woman"
,bright,,e21b,"very: sun,day"
,bring,carry bring take,e088,hand: thing
,bronze,,eb2c,soft: metal
,brother,,e006,"man: love,compassion: small,few"
,brothers,,e007,"man: love,compassion: small,few"
,build,,e17a,"house: make,create: hand: person"
,building,,e0a1,
,burden,,ec86,Heavy: hand: big: measure: person
,burn,burnt burn,ecd0,"Kill,destroy,destruction: knife,cut: person: fire,hot,heat"
,bury,,e0d7,"straight: dead,death,die: no,not: heart"
,but,,e11a,"thing: clothing,fabric"
,buy,spend buy,e32a,"forward,to: money,wealth,wealthy"
,Buz,,e1a5,"Man: least: very: small,few: know,knowledge"
,Caesar,,e370,"man: big: king,lord,ruler,master"
,Caesarea,,e346,"person: king,ruler,lord,master: land,ground,earth,space"
,Caiaphas,,ea77,"man: crucify: knife,cut: person: kill,destroy,destruction: cross"
,Cainan,Cainan Cain Kenan,ec56,man: have: hand: .
,Calah,,edc6,"Old: no,not: new: village: many,much: neighbor: house: near,close"
,call,call beckon,e040,"mouth,said,speak,confession: near,close"
,camel,,e29f,
,Cana,,eba2,"reed: big: grass: village: many,much: neighbor: house: near,close"
,Canaan_land,,e33d,"promise: mouth,said,speak,confession: work,do: land,ground,earth,space"
,Canaan_man,,edc7,"Man: promise: mouth,said,speak,confession: work,do"
,Candice,,eb85,
,Capernaum,,e33a,"soft: village: many,much: neighbor: house: near,close"
,Caphtorites,,edc8,Fruit: people
,Cappadocia,,eb74,"horse: land,ground,earth,space"
,careful,warn careful,e19e,"small,few: heart"
,carpenter,,e14f,"person: hand: thing: tree,plant,wood"
,Carpus,,ecad,"Man: cloak: big: clothing,fabric"
,case,trial case,ec87,"justice: forward,to: hand: same,equal: land,ground,earth,space: church"
,catch,,e115,thing: net
,Cauda,Clauda Cauda,ec36,"no,not: walk: island: water,wet: land,ground,earth,space"
,cave,,eda6,Hole: mountain
,Cenchrea,,eb3d,"small,few: village: many,much: neighbor: house: near,close"
,census,,e0b8,"person: book,read,learn: number"
,centurion,,eb7a,"lead,leader: forward,to: person: war,fight,battle"
,ceremony,,ec88,"part,some: believe,faith: know,knowledge: cross: time,when"
,chain,bound arrest chain imprisoned,e25f,
,chair,sit chair,e298,
,Chaldea,,eb0e,"river,stream: land,ground,earth,space"
,change,turn change,e31e,
,chapter,,e230,"book,read,learn: part,some"
,chariot,,ec82,"horse: chair,sit"
,child,,e200,"small,few: person"
,children,,e201,"small,few: people"
,Chios,,eb22,"island: water,wet: land,ground,earth,space: cold: no,not: fire,heat,hot"
,Chloe,,ebe2,"woman: grain,wheat"
,choose,,e021,"love,compassion: or"
,Chorazin,,ea8f,"bad: no,not: good: fire,heat,hot: village: many,much: neighbor: house: near,close"
,Christ,Messiah Christ,e334,"very: anointed: king,ruler,lord,master: appointed: call,beckon: mouth,said,speak,confession: near,close: person"
,Christian,Christian Believer,eb90,"follow: people: forward,to: king,lord,ruler,master: cross"
,church,,ebfc,cross: people
,Chuza,,ec57,"man: small,few: mouth,speak,said,confession"
,Cilicia,,eb5b,"hair: face: clothing,fabric: land,ground,earth,space"
,circumcize,circumcision circumcise,e250,
,citizen,,eb98,"person: very: land,ground,earth,space"
,Claudia,,ecae,"Woman: no,not: walk"
,Claudius,,eb8a,"man: no,not: walk"
,clay,,ebec,"Water,wet: dirt,soil,ground_soil: land,ground,earth,space"
,clean,pure clean,e248,"water,wet: good"
,Clement,,ece3,"Man: good: spirit: no,not: person"
,Cleopas,,ec58,"man: all,whole: know,knowledge"
,cloak,,ea76,"big: clothing,fabric"
,Clopas,,ebb5,"man: near,close: cross"
,closed,,e23f,
,clothe,to_clothe clothe,e147,"clothing,fabric: person"
,clothing,fabric clothing,e253,
,cloud,,e26e,soft: thing
,Cnidus,,ec14,"thorn: village: many,much: neighbor: house: near,close"
,cohort,cohort army,e148,"soldier: person: war,fight,battle: many,much"
,cold,,e0f2,"no,not: fire,heat,hot"
,color,,e284,
,Colossae,,ece8,"Animal: beast: bad: no,not: good: village: many,much: neighbor: house: near,close"
,come,visit come,e25a,"walk: near,close"
,comfort,,ea3b,"love,compassion: sleep,rest,lie_down"
,command,insist command,e058,"mouth,said,speak,confession: !"
,complete,perfect complete,ecec,"Very: all,whole"
,concubine,,eefc,"Love,compassion: chain,imprisoned,bound,arrest: woman"
,condemn,condemnation condemn,ea7f,"mouth,said,speak,confession: know,knowledge: wrong: no,not"
,confuse,,eb08,"no,not: understand,understanding: know,knowledge: very"
,control,,e332,"tie,knot: down"
,Corinth,,ea59,"full: cup,drink: village: many,much: neighbor: house: near,close"
,Cornelius,,eb81,"man: sun,day"
,corner,,eb83,"clothing,fabric"
,cornerstone,,e21c,"very: hard: soft: no,not: thing"
,correct,yes correct,e09a,good
,Cosam,,ec59,"man: many,much"
,couch,,eb5f,"big: chair,sit"
,council,,e0f7,"body: forward,to; person"
,country,nation country,e0a2,"big: land,ground,earth,space"
,countrymen,,e157,"friend: person: love,compassion: land,ground,earth,space"
,countryside,,eb96,"big: farm,field: grain,wheat: land,ground,earth,space"
,courtyard,,e0f6,"land,ground,earth,space"
,covenant,,e21d,"promise: mouth,said,speak,confession: very: work,do"
,cover,,e39a,straight: thing
,cow,,eb36,
,creation,,ebc3,"person: thing: all,whole"
,Creator,,ec22,"God: king,lord,ruler,master: man: build: house: make,create: hand: person: love,compassion"
,Crescan,,ecaf,"Man: grow: up: land,ground,earth,space"
,Crete,,ec8d,"flesh: soft: person: island: water,wet: land,ground,earth,space"
,Crispus,,eb3a,"man: crooked: no,not: straight"
,crooked,,eb39,"no,not: straight"
,cross,,e038,
,crowd,multitude crowd,e128,people
,crown,,eda4,"Thing: king,lord,ruler,master"
,crucify,,e03c,"kill,destroy,destruction: knife,cut: person: cross"
,crush,,e146,person: thing
,cry,,e20c,"sad,grieve: water,wet"
,cup,drink cup,e274,
,curse,,e05a,"mouth,said,speak,confession: bad: no,not: good: fire,heat,hot"
,curtain,,e254,"clothing,fabric: window"
,Cush_land,,e1e2,"Land: man: all,whole: moon,night"
,Cush_man,Cush_man Cush,edca,"Man: all,whole: moon,night"
,custom,,eb10,"all,whole: work,do"
,cymbol,drum cymbal,ebe3,
,Cypress,,edcb,
,Cyprus,,eb88,"good: island: water,wet: land,ground.earth,space: tree,plant,wood"
,Cyrene,,eb59,"Horse: tie,knot: land,ground,earth,space"
,Dalmanutha,,e344,"shout: big: mouth,said,speak,confession: land,ground,earth,space"
,Dalmatia,,ecb1,"deceive.deception,false,lead_astray,lie: bad: no,not: good: measure: village: many,much: neighbor: house: near,close"
,Damaris,,eb37,woman: cow
,Damascus,,ec31,"blood: hand: water,wet: village: many,much: neighbor: house: near,close"
,Dan_land,,edcc,"King,lord,ruler,master: or: earth,ground,land,space"
,Dan_man,,edcd,"Man: king,lord,ruler,master: or"
,dance,,e259,"walk: happy,joy: face"
,Daniel,,ea78,"man: me,I: or"
,dark,,ea17,"no,not: light: eye,see: sun,day"
,daughter,,e00c,"small: woman: love,compassion"
,daughters,,e00d,"small: woman: love,compassion"
,David,,e35e,"man: appointed: call,beckon: mouth,said,speak,confession: near,close: person"
,dead,death dead die,e181,"no,not: heart"
,deaf,,e191,"no,not: ear,hear"
,Deborah,,efb5,"Woman: judge: king,lord,ruler,master: or"
,Decapolis,,e33e,"ten: land,ground,earth,space"
,deceive,deception deceive FALSE lead_astray lie,e17f,"no,not: good: measure"
,deceiver,hypocrite deceiver,e152,"person: no,not: good: measure: deceive,deception,lie,false,lead_astray"
,Dedan,,edce,"Man: forward,to"
,deep,depth deep,e321,
,deer,,efb6,"Fast_speed: very: forward,to: animal"
,Demes,,ecb2,Man: people
,Demetrius,,eb1a,"man: sow,to_plant: hand: seed: tree,plant,wood: small,few"
,demon,,eb87,"bad: no,not: good: spirit: person"
,denarius,,e165,"sun,day: money,wealth,wealthy"
,deny,,e0e5,"no,not: mouth,said,speak,confession: know,knowledge"
,Derbe,,eb43,"flesh: soft: person: village: many,much: neighbor: house: near,close"
,descend,,e317,Down
,descendant,,eb60,"future: time: forward,to: children: small,few: people"
,desire,like desire want will,e020,"love,compassion: heart"
,Didymus,,ebb6,"man: two: mind,think,think_opinion: know,knowledge: head: face"
,different,,ecff,"No,not: same,equal"
,difficult,,e093,"sad,grieve: work,do"
,Diklah,,e1ac,"OT: man: tree,plant,wood"
,Dinah,,efb7,"Woman: mouth,said,speak,confession"
,Dinhabah,,efed,
,Dionysius,,eb78,"man: fill: cup,drink"
,Diotrephes,,ece2,"Man: thunder: mouth,said,speak,confession: storm"
,direction,,e323,
,dirt,ground_soil dirt soil,e15b,"land,ground,earth,space"
,dirty,impure dirty,e249,"water,wet: bad: no,not: good"
,disciple,,e142,"person: follow: people: forward,to"
,discipline,,eda5,"Whip: message: mouth,said,speak,confession: book,learn,read"
,discourage,,e261,"chain,bound,imprisoned,arrest: heart"
,Dishan,,e1ec,"Man: small,few: part,some"
,Dishon,,efee,"Man: mouth,said,speak,confession: sheep: soft"
,disobey,disobey disobedience rebellion reject,e193,"no,not: obey,obedience: mouth,said,speak,confession: work,do"
,divide,division divide separate split,e326,"Backward: forward,to"
,divorce,,ea3d,"house: divide,split,division,separate"
,doctor,healer doctor,e144,"person: heal: hand: happy,joy: face: heart"
,Dodanim,,edcf,"Man: lead,leader: forward,to: person"
,dog,,e104,"small,few: animal"
,dominion,,e032,"King,lord,ruler,master: power,can,ability: big: knife,cut"
,donkey,,ea09,"small,few: horse"
,door,,e23e,
,Dorcas,,ec2c,Woman: horse
,Dothan,,efa3,"Water,wet: two: village: many,much: neighbor: house: near,close"
,doubt,unbelief doubt,e194,"no,not: believe,faith: know,knowledge: cross"
,dough,,ea36,"soft: mouth,said,speak,confession: grain,wheat"
,dove,,e25e,"bird: peace: sleep,rest,lie_down: love,compassion"
,down,,e319,
,dragon,,ecdf,"Fire,heat,hot: bird"
,dream,vision dream,ea80,"eye,see: sleep,rest,lie_down"
,drunk,,ea8d,"cup,drink: bad: no,not: good"
,Drusilla,,eb9c,"woman: water,wet"
,dry,,e188,"no: water,wet"
,Dumah,,eefd,"Man: small,few: mute: mouth,said,speak,confession: no,not"
,dust,,e15d,"small,few: part: land,ground,earth,space"
,eagle,,ecc9,Big: bird
,ear,hear ear,e299,
,earn,earn deserve,e0f5,"money,wealth,wealthy: work,do"
,earthquake,,e159,"land,ground,earth,space: shake"
,east,,ea38,direction
,easy,,e092,"happy,joy: face: work,do"
,eat,food eat meal,e053,"mouth,said,speak,confession: thing"
,Ebal,,efef,"Man: rock: hard: soft: no,not: thing"
,Eber,,ec5a,"man: through,pass: thing: forward,to"
,Eden_garden,,edd2,"Grow: up: seed: grain,wheat: small,few: land,ground,earth,space"
,Eden_man,,e1e9,"Man: small,few: happy: face"
,Edom_land,,e1a7,"OT: man: blood: hand: water,wet: land,ground,earth,space"
,Edom_man,,e1a6,"OT: man: blood: hand: water,wet: color"
,Egypt,,ea44,"slave: thing: person: land,ground,earth,space"
,Ehi,,efb8,Man: together(people): gathered_people
,eight,,e293,
,El,,edd3,"OT: king,lord,ruler,master: man: love,compassion"
,El_Elohe,,e1e4,"OT: son: man: small,few: love,compassion: ."
,Elah,,e1a9,"Man: dry: no,not: water,wet"
,Elam_land,,eb6d,"time,when: land,ground,earth,space"
,Elam_man,,edd4,"Man: everything: all,whole: thing"
,Eldaah,,e1e3,"Man: know,knowledge: God: king,lord,ruler,master: love,compassion"
,elder,,eb62,"old: no,not: new: lead,leader: forward,to: person"
,Eleazar,,ea70,"man: king,ruler,lord,master: help: straight: people"
,elect,,ec9f,"choose: love,compassion: or: people"
,Eli,Heli Eli,ec44,man: up
,Eliakim,,ea6b,"man: up: money,wealth,wealthy"
,Eliezer,,ec5b,"man: me,I: help: straight: people"
,Elijah,,e36a,"man: fire,heat,hot"
,Eliphaz,,eff1,"OT: man: gold: big: money,wealth,wealthy"
,Elisha,Elishah Elisha,ec5c,"man: power,can,ability: person: knife,cut"
,Eliud,,ea6f,"man: amazed,amazing,great: big: praise: mouth,said,speak,confession: good"
,Elizabeth,,ec3a,"woman: covenant: promise: mouth,speak,said,confession: work,do: very"
,Ellasar,,edd6,"Beat,hit: hand: pain,hurt: knife,cut: heart: ground,land,earth,space"
,Elmadam,,ec5d,man: stretch
,Elon,,edd7,"Man: big: tree,plant,wood"
,Emites,,efa8,"Afraid,fear,worry: mouth,said,speak,confession: heart: people"
,Emmaus,,ec5e,"fire,heat,hot: wet,water: village: many: neighbor: house: near"
,empty,,e277,"full: cup,drink: no,not"
,Enaim,,efb9,"Throne: king,ruler,lord,master: chair,sit: village: many,much: neighbor: house: near,close"
,encourage,,e262,"free,freedom: no,not: chain,bound,arrest,imprisoned: heart"
,end,finish end,e232,
,endure,,e170,"time: here: very: land,ground,earth,space"
,enemy,,e025,"person: friend: love,compassion: no,not"
,Enoch,Hanok Enoch,ec5f,"man: teach,teaching: mouth,speak.said,confession: book,learn,read"
,Enos,Enosh Enos,ec60,"man: dead,death,die: no,not: heart"
,enter,,e242,"forward,to: door"
,envy,envy covet,e022,"desire,like,want,will: love,compassion: heart: you: thing"
,Epaenetus,,ebc1,"man: greeting: mouth,said,speak,confession: happy,joy: face"
,Epaphroditus,Epaphroditus Epaphras,ece4,Man: good: face
,Ephah,,e1ad,"Man: small,few: measure"
,Epher,,eefe,Man: animal
,Ephesus,,ec0c,"love,compassion: village: many,much: neighbor: house: near,close"
,Ephraim,,eba3,Man: very: fruit
,Ephraim_land,,eba4,
,Ephrath,,efba,"Fruit: village: many,much: neighbor: house: near,close"
,Ephron,,eeff,"Man: wild: no,not: peace: sleep,lie_down,rest: love,compassion"
,Epicurean,,ec05,"person: happy,joy: face: because,because,reason,therefore: know,knowledge: ?"
,Er,,ec61,"man: beauty,beautiful: eye,see: good"
,Erastus,,ec0e,"man: send: hand: forward,to"
,Erech,,edd9,"Far: no,not: near,close: village: many,much: neighbor: house"
,Eri,,e1ae,"Man: beauty,beautiful: eye,see: good: small,few"
,Esau,,ebc2,man: hair: face
,Esek,,edda,"War,battle,fight: well: water,wet: hole"
,Eshban,,eff2,"Man: understand,understanding: very: know,knowledge"
,Eshkol,,eddb,"Man: many,much: fruit"
,Esli,,ec49,man: side: thing
,Ethiopia,,ec32,"all,whole: moon,night: land,ground,earth,space"
,Eubulus,,ecb3,"Man: know,knowledge"
,Eunice,,ecb4,"Woman: war,battle,fight"
,eunuch,,eb8f,"very: circumcise,circumcision: knife,cut: flesh: soft: person"
,Euodia,,ece5,"Woman: profit: money,wealth,wealthy: many,much"
,Euphrates_river,,ecd8,
,Eutychus,,eb1f,"Man: very: straight: descend: sleep,lie_down,rest"
,evangelist,,e13f,"person: mouth,said,speak,confession: gospel,good_news: book,learn,read: good"
,Eve,,ebeb,"woman: alive,live,life: good: heart"
,evening,,e273,"moon,night: straight"
,everyone,,e140,"person: all,whole"
,everything,,e114,"thing: all,whole"
,eveywhere,,e155,
,example_pattern,pattern example,ecf0,
,expain,explanation explain,e059,
,eye,see eye,e238,
,Ezbon,,e1aa,"Man: small,few: eye,see"
,Ezer,,e1ab,OT: man: helper: help: person: straight: people
,face,,e203,
,Fair_Haven,,ec18,"good: boat: village: many,much: neighbor: house: near,close"
,faithful,faithfulness faithful,e219,"very: know,knowledge: cross"
,fall,,e218,very: descend
,family,relative family,e176,"house: love,compassion"
,famine,,e18d,"no,not: grain,wheat"
,far,,e197,"no,not: near,close"
,farewell,,ec83,"end,finish: greeting: mouth,said,speak,confession: happy,joy: face"
,farm,field farm,eb91,"grain,wheat: land,ground,earth,space"
,fast_no_eat,,e18e,"no,not: eat,food,meal: mouth,said,speak,confession: thing"
,fast_speed,,e21a,"very: forward,to"
,fat,,ea86,big: flesh: soft: person
,fat_animal,,eb11,"animal: water,wet"
,father,,e003,"man: love,compassion"
,feast,,e054,"big: eat,food,meal: mouth,said,speak,confession: thing"
,Felix,,eb99,"man: gold: big: money,wealth,wealthy"
,festival,party festival,e20b,"happy,joy: face: eat,food,meal: mouth,said,speak,confession: thing"
,fig,,eda2,Sweet: fruit
,fill,,e278,"cup,drink"
,find,,e101,"good: search: hand: eye,see"
,finger,,eba5,Hand
,fire,heat fire hot,e301,
,first,,e233,"start,beginning"
,fish,,e263,
,fisherman,,e264,fish: person
,five,,e290,
,fix,,e09d,"good: make,create: hand: person"
,flesh,,e26b,soft: person
,flip,,e31d,
,flood,,ece0,"kill,destroy,destruction: knife,cut: person: water,wet"
,flour,,ea35,"knife,cut: grain,wheat"
,flower,,eb24,
,flute,,ea8b,"small,few: thing: mouth,said,speak,confession"
,fly,,e25b,
,follow,,e13e,"people: forward,to"
,fool,,ea7c,"no,not: wisdom,wise: know,knowledge: or"
,foot,,e13d,person
,foreigner,gentile foreigner sojourner,e158,"person: no,not: land,ground,earth,space"
,foreknowledge,,eb79,"know,knowledge: before: backward: thing"
,forest,,ec27,"land,ground,earth,space: many,much: tree,plant,wood"
,forgive,forgiveness forgive,e18f,"no,not: kill,destroy,destruction: knife,cut: person"
,Fortunatus,,eca4,Man: very: have: hand: good
,forward,to forward,e318,
,foundation,,e179,"house: land,ground,earth,space: root"
,four,,e28f,
,fox,,ea8a,"know,knowledge: small,few: animal"
,free,freedom free,e260,"No,not: chain,bound,imprisoned,arrest"
,free_no_cost,,ebe4,"zero: money.wealth,wealthy"
,Freedmen,,ec8e,"Man: no,not: chain,bound,imprisoned,arrest"
,friend,,e024,"person: love,compassion"
,frog,,ecf6,"jump: very: forward,to: up: animal"
,from,,e31a,"Forward,to"
,fruit,,e27e,
,fulfill,,e0d2,"end,finish: prophesy: eye,see: to,forward"
,full,,e276,"cup,drink"
,futile,useless futile,e190,"no,not: use: thing: work,do"
,future,,e16e,"time: to,forward"
,Gabriel,,ec39,"big: angel: good: spirit: no,not: person"
,Gad,,ecbd,"Man: good: time,when"
,Gadara,Gerasenes Gadara,e33f,"chain,arrest,bound,imprisoned: village: many,much: neighbor: house: near,close"
,Gaham,,efbb,"Man: moon,night: fire,heat,hot"
,Gaius,,ec0f,man: good: help: straight: people 
,Galatia,,eb46,"around: land,ground,earth,space"
,Galeed,,efbc,"Story,report,parable,message,news: mountain"
,Galilee,,e337,"house: cross: land,ground,earth,space"
,Gallio,,eb3b,"man: cup,drink"
,Gamaliel,,eb4d,"man: Bible,Scripture,Word_of_God: book,learn,read: cross"
,garden,,eddc,"Grow: up: seed: grain,wheat: small,few: land,ground,earth,space"
,Gatam,,eff3,"Man: very: sleep,lie_down,rest"
,gate,,e289,wall: door
,gathered,together_things gathered_things,e108,
,Gaza,,eb7f,"strong: power,ability,can: hand: big: knife,cut: village: many,much: neighbor: house: near,close"
,generation,,e019,"big: small,few: man"
,Gennesaret,,e341,"money,wealth,wealthy: land,ground,earth,space"
,gentle,gentleness gentle,e26d,"soft: power,can,ability: big: knife,cut"
,Gera,,efbd,"Man: cow: eat,food,meal: mouth,said,speak,confession: thing"
,Gerar,,eddd,"Go: land,ground,earth,space"
,Gershon,,efbe,Man: put: hand: thing
,Gether,,edde,"Man: afraid,fear: mouth,said,speak,confession: heart"
,Gethsemane,,e34a,"oil: land,ground,earth,space: money,wealth,wealthy: water,wet"
,Gideon,,ed03,"Man: hate,enmity: love,compassion: no,not"
,gift,,e072,"hand: love,compassion"
,Gihon,,eddf,"Break: knife,cut: all,whole: river,stream"
,Gilead,,efa1,"Testimony: mouth,said,speak,confession: you: land,ground,earth,space"
,Girgashites,,ede1,"Dirt,soil,ground_soil: land,ground,earth,space: people"
,girl,,e009,"woman: small,few"
,girls,,e00a,"woman: small,few"
,give,give for,e086,"gift: hand: love,compassion: forward,to"
,glass,,ecde,"Eye,see: through,pass: thing: forward,to"
,glory,glory glorify,e217,"very: praise,worship,exalt,dignify: mouth,said,speak,confession: good"
,gluttony,,ea8c,"very: food,eat,meal: mouth,said,speak,confession: thing"
,go,journey go travel trip,e381,
,go_down,lower_verb go_down,e080,hand: down
,goat,,ea7d,sheep: soft: bone
,God,,e036,"king,ruler,lord,master: man: love,compassion"
,godly,righteous_person godly saint,e130,"person: righteous,righteousness: good: work,do"
,Gog,,ecf7,"Mountain: land,ground,earth,space"
,Goiim,,ede2,"Country,nation: big: land,ground,earth,space: village: many,much: neighbor: house: near,close"
,gold,,eb2a," big: money,wealth,wealthy"
,Golgotha,Joda Golgotha,e34b,"skull: face: land,ground,earth,space"
,Gomer,,ede3,"Man: fire,heat,hot: all,whole"
,Gomorrah,,ea7a,"bad: no,not: good: person: village: many,much: neighbor: house: near,close"
,gong,,ebe5,"Loud: very: ear,hear: cymbal,drum: hand: thing"
,good,,e096,
,Goshen,,efbf,"Near,close: sun,day: land,ground,earth,space"
,gospel,gospel good_news,e22b,"book,learn,read: good"
,governor,proconsul governor,e0a3,"small,few: king,lord,ruler,master"
,grace,,e01f,"love,compassion: no,not: knife,cut"
,grain,wheat grain,e279,
,grape,,ecf4,"Small,few: fruit"
,grass,,ea33,
,grateful,gratitude grateful thank,e20e,"happy,joy: face: gift: hand: love,compassion"
,Greece,,e345,"shake: land,ground,earth,space"
,greed,,ea94,"eye,see: desire,like,want: love,compassion: heart"
,green,,ecd1,Grass: color
,greeting,,e051,"mouth,said,speak,confession: happy,joy; face"
,grind,,e83d,"knife,cut"
,groom,,e013,"start,beginning: man: love,compassion"
,grow,growth grow ripen,e154,"Up: land,ground,earth,space"
,guard,,e0c1,"eye,see: sword"
,guilt,guilty guilt,ea84,"know,knowledge: no,not"
,Guni,,efc1,"Man: garden; grow: up: seed: grain,wheat: small,few: land,ground,earth,space"
,Hadad,,efa2,"Man: sharp: knife,cut"
,Hadar,,e1af,"OT: man: honor: king,lord,ruler,master: sword"
,Hadoram,,ede4,"Man: glory,glorify: very: praise,exalt,dignify,worship: mouth,said,speak,confession: good  "
,Hagar,,ecab,woman: run: walk: very
,Haggi,,efc2,"Man: festival: happy.joy: eat,food,meal: mouth,said,speak,confession: thing"
,hail,,ea13,"King,lord,ruler,master: greeting: mouth,said,speak,confession: happy,joy: face"
,hail_storm,,ecdd,"Cloud: soft: thing; no,not"
,hair,,e208,face
,half,,ea22,
,Ham_person,,ede5,
,Ham_village,,ede6,"Sound,noise; ear,hear: thing: village: many,much: neighbor: house: near,close"
,Hamathites,,ede7,Wall: people
,Hamor,Hamor Emmor,eb5d,"man: donkey: small,few: horse"
,Hamul,,efc3,"man: forgive: no,not: kill,destroy,destruction: knife,cut: person"
,hand,,e071,
,happy,joy happy,e205,Face
,Haran_land,,eb0b,"Dry: no,not: water,wet: land,ground,earth,space"
,Haran_man,,efa4,"Man: hill: small,few: mountain"
,hard,,e269,"soft: no,not"
,harp,,ecc6,String: box
,Harsh,stern_words harsh,eca7,
,harvest,,e082,"hand: grain,wheat"
,harvester,,e139,"person: hand: grain,wheat"
,hate,hate enmity,e01b,"love,compassion: no,not"
,have,,e083,Hand
,Havilah_land,,ede8,"Give: gift: hand: love,compassion: forward,to: land,ground,earth,space"
,Havilah_person,,effa,
,Hazarmaveth,,ede9,"Man: very: dead,death,die: no,not: heart"
,Hazezon_Tamar,,edea,"Knife: tree,plant,wood: village: many,much: neighbor: house: near,close "
,Hazo,,e1b0,"Man: no,not: prophet: prophesy: person: eye,see: forward,to"
,head,,e206,face
,heal,,e084,"hand: health,healthy: happy,joy: face: heart"
,health,healthy health,e209,"happy,joy: face: heart"
,heart,,e29a,
,heaven,,e380,"house: king,lord,ruler,master: man: love,compassion"
,heavy,,e0e7,hand: big: measure
,Heber,,e1b1,"OT: man: go,journey,travel,trip"
,Hebrew,,ec8f,"person: land,ground,earth,space: book,learn,read"
,Hebron,,edeb,"Together(people),gathered_people: village: many,much: neighbor: house: near,close"
,hedge,,e28a,"wall: land,ground,earth,space"
,height,,ecc1,Straight: up
,heir,,e018,"money,wealth,wealthy: son,sons: small,few: man: love,compassion"
,hell,,e0d1,"always: all,whole: time,when: fire,heat,hot"
,help,,e13a,straight: people
,helper,helper attendant,e150,person: help: straight: people
,Heman,,e1b2,"Man: right: no,not"
,Hemdan,,eff4,Man: heart
,here,,e212,"very: land,ground,earth,space"
,Hermas,,ebc4,"man: far: no,not: near,close"
,Hermes_idol,,eb2f,"Mute: mouth,said,speak,confession: no,not: thing: sell: backward: money,wealth,wealthy: buy: forward,to"
,Hermes_person,,ebed,"Man: everywhere: land,ground,earth,space: all,whole"
,Hermogenes,,ecb5,"Man: allow,permit,permission: mouth,said,speak,confession: king,lord,ruler,master"
,Herod,,e360,man: man: big
,Herodians,,ea05,"person: king,lord,ruler,master: bad: no,not: good"
,Herodias,,e353,"woman: bad: no,not: good: eye,see"
,Herodion,,ebf1,"Man: family: house: love,compassion"
,Heth,,edec,"OT: Man: anger,angry"
,Hezekiah,,ea62,"man: king,lord,ruler,master: power,can,ability: big: knife,cut"
,Hezron,,ea4f,man: wall
,hide,,e085,hand: under: thing: .
,Hierapolis,,ece9,"holy: person: thing: village: many,much: neighbor: house: near,close"
,hill,,e202,"small,few: mountain"
,Hirah,,e1b3,Man: mouth: you
,hire,,e13b,"person: money,wealth,wealthy"
,Hittites,,eded,"Anger,angry: people"
,Hivites,,edee,"Mouth,said,speak,confession: people"
,Hobah,,edef,"Blind: no,not: eye,see: village: many,much: neighbor: house: near,close"
,hole,,e302,
,holy,,e13c,person: thing
,honey,,e052,"mouth,said,speak,confession: sweet"
,honor,,e031,"King,lord,ruler,master: sword"
,hope,,e213,"very: desire,like,want: love,compassion: heart"
,Hori,,eff5,Man: cave: hole: mountain
,Horites,,edf1,Cave: hole: mountain: people
,horn,,ecc5,Bone: head: face
,horse,,e303,
,hosanna,,e216,"very: help: straight: people: now,immediately: time,when"
,Hosea,,ebc5,"man: search: hand: eye,see"
,hour,,e331,"time,when: around"
,house,,e171,
,how,,e068,"know,knowledge: questioned,ask: mouth,said,speak,confession: ?"
,howlong,,e83c,
,Hul,,edf2,"Man: small,few: shake"
,human_nature,,e23d,"road: birth,born: start,beginning: person"
,humble,humility humble,e19d,"small,few: mouth,said,speak,confession: me,I"
,hungry,,e01e,"love,compassion: eat,food,meal: mouth,said,speak,confession: thing"
,Huppim,,efc5,"Man: wash: hand: clean,pure: water,wet: good"
,husband,,e012,"man: love,compassion"
,Husham,,e1b4,Man: sweet: air
,Hushim,,efc6,"Man; no,not: very: forward,to"
,Hymenaeus,,ecaa,"Man: bad:  good: no,not: teach,teaching: mouth,said,speak,confession: book,read,learn"
,hymn,,e0e3,"cross: sing,song: mouth,said,speak,confession: dance: walk: happy,joy: face"
,Iconium,,ec1f,"go,journey,travel,trip: village: many,much: neighbor: house: near,close"
,idol,,e35d,"Mute: no,not: mouth,said,speak,confession: thing"
,Idumea,,e378,"man: hair: face: land,ground,earth,space"
,if,,e111,straight: thing
,ignorant,ignorant ignorance,e06e,"know,knowledge: no,not"
,Illyricum,,ebc6,"mouth,said,speak,confession: land,ground,earth,space"
,immeasurable,,e18c,"no,not: measure"
,Imnah,,efc7,Man: right
,impossible,,e180,"no,not: power,can,ability: big: knife,cut"
,in,inside in,e240,door: thing: .
,in_front,,e112,thing
,incense,,ec98,"perfume,fragrant: good: nose,smell: gift: hand: love,compassion"
,inheritance,,e017,"money,wealth,wealthy: small,few: man"
,insect,,e304,
,Irad,,edf3,Man: valley
,Iram,,eff6,Man: building
,iron,,eb29,"hard: no,not: soft: metal"
,Isaac,,e374,"man: laugh: very: happy,joy:  face"
,Isaiah,,e372,"man: save,rescue: very: help: straight: people"
,Ishbak,,eeda,"Man: free: no,not: chain,arrest,bound,imprisoned"
,Ishmael,,e1b5,"OT: dry: no,not: water,wet: land,ground,earth,space"
,Ishvah,,efc8,Man: straight
,Ishvi,,efc9,Man: very: straight
,Iskah,,eedb,"Woman: eye,see"
,island,,eb05,"Water,wet: land,ground,earth,space"
,Israel,,ea04,person: or
,Issachar,,ecce,Man: nine
,Italy,,ec90,"shoe: person: thing: land,ground,earth,space"
,Ithran,,e1b6,"Man: praise,exalt,dignify,worship: mouth,said,speak,confession: good: small,few"
,Iturea,,ec3e,
,Jabal,,e1b7,"OT: man: river,stream"
,Jabbok,,efca,"Empty: cup,drink: no,not: river,stream"
,Jacob,,e375,man: person: foot
,Jahleel,,efcb,"Man:  wait: stay,remain: person: straight: time,when"
,Jahziel,,e1b8,"OT: man: divide,division,separate,split"
,Jairus,,e367,"man: king,lord,ruler,master: temple: mouth,said,speak,confession: authority"
,Jakin,,e1b9,"Man: no,not: left"
,Jalam,,eff7,Man: hide: put: hand: under: thing
,Jambres,,ecbc,"Man: buy: forward,to: money,wealth,wealthy"
,James,,e376,man: person: foot
,James_the_Disciple,,e358,man: person: foot
,Jamin,,efcc,man: right: hand
,Jannai,,ec46,man: ?
,Jannes,,ecbe,"Man: denarius: sun,day: money,wealth,wealthy"
,Japheth,,edf4,OT: man: very: big
,jar,,e0d5,"hard: soft: no,not: cup,drink"
,Jared,,ec62,man: down
,Jason,,eb64,"man: no,not: wine: cup,drink: fruit"
,Javan,,e1ba,"OT: man: deceive,deception,lead_astray,false,lie: bad: no,not: good: measure"
,Jebusites,,e1e5,"Past: backward: time,when: peace: sleep,rest,lie_down: love: village: many,much: neighbor: house: near,close: people"
,Jechoniah,,ea66,"man: king,lord,ruler,master: stay,remain: person: straight"
,Jegar_Sahadutha,,e1e6,"Message: book,learn,read: mouth,said,speak,confession: near,close: mountain "
,Jehoshaphat,,ea5d,"man: judge: king,lord,ruler,master: or"
,Jemuel,,efcd,"Man: sabbath: sun,day: sleep,rest,lie_down"
,Jephthah,,ed04,"Man: open: no,not: closed"
,Jerah,,edf5,"Man: moon,night"
,Jeremiah,,ea28,"man: cry: sad, grieve"
,Jericho,,ea08,"wall: down: village: many,much: neighbor: house: near,close"
,Jerusalem,,e338,"peace: sleep,rest,lie_down: love,compassion: village: many,much: neighbor: house: near,close"
,Jesse,,ea58,"man: gift: hand: love,compassion"
,Jesus,,e037,"king,lord,ruler,master: cross"
,Jetheth,,eff8,Man: nail: metal: thorn:
,Jetur,,eedc,Man: gate: wall: door
,Jeush,,e1bb,"Man: no,not: gathered"
,Jew,Jewish Jew,e0f9,"person: land,ground,earth,space: book,learn,read"
,Jezabel,,eca2,
,Jezer,,e1bc,"Man: easy: happy,joy: face: work,do"
,Jidlaph,,efce,"Man: small,few: sad,grieve: face"
,Joanan,,ec4c,man: hei
,Joanna,,ec63,woman: hei
,Job,,ed0b,"Man: suffering: very: pain,hurt: knife,cut: heart"
,Jobab,,edf6,"Man: ear,hear: animal"
,Joel,,ec92,"man: land,ground,earth,space"
,John,John_the_Disciple John,e35a,"man: no,not: knife,cut"
,John_the_Baptist,,e336,"man: no,not: knife,cut"
,Jokshan,,eedd,"Man: rooster: bird: sun,day"
,Joktan,,e1bd,"Man: try: small,few: work,do"
,Jonah,,e0c5,man : fly
,Jonah_Simons_father,,ea29,man: fly
,Jonam,,ec9b,man: you: good
,Joppa,,ec2d,"Beauty,beautiful: good: eye,see: village: many,much: neighbor: house: near,close"
,Joram,,ea5e,"man: honor: king,lord,ruler,master: sword: part,some"
,Jordan_River,,e34f,"river,stream: baptize,baptism: water,wet: person"
,Jorim,,ec64,"man: very: praise,worship,exalt,dignify: mouth,said,speak,confession: good"
,Joseph,,ea15,"man: more: up: many,much"
,Joses,,e369,"man: more : up: many,much"
,Joshua,,eb03,man: help: straight: people
,Josiah,,ea65,"man: king,lord,ruler,master: child: small,few: person"
,Jotham,,eb82,"Man: all,whole"
,Jothan,,ea60,"man: king,lord,ruler,master: straight"
,Jubal,,edf7,"OT: man: sing,song,Psalm: mouth,said,speak,confession: dance: walk: happy,joy: face"
,Judah,,ea4b,"man: praise,worship,exalt,dignify: mouth,said,speak,confession: good"
,Judas,,eb6c,"man: praise,worship,exalt,dignify: mouth,said,speak,confession: good"
,Judas,Judas Juda Judas_not_Iscariot Jude,e368,"man: praise,worship,exalt,dignify: mouth,said,speak,confession: good"
,Judas_Iscariot,,e365,"man: praise,worship,exalt,dignify: mouth,said,speak,confession: good"
,Judea,,e339,"praise,worship,exalt,dignify: mouth,said,speak,confession: good: land,ground,earth,space"
,judge,judgment judge,e1a2,"king,lord,ruler,master: or"
,Judith,,edf8,"Woman: exalt,praise,worship,dignify: mouth,said,speak,confession: good"
,Julia,,ebc7,"woman: crooked: no,not: straight: hair: face"
,Julius,,ec07,"man: crooked: no,not: straight: hair: face"
,jump,leap jump,ed0a,"Very: forward,to: up"
,Junia,,ebc8,"woman: young: small,few: time,when"
,justice,,ea25,"Forward,to: hand: same,equal"
,justify,,eb4f,"make,create: hand: person: righteous,righteousness: good: work,do"
,Justus,,eb6a,"man: righteous,righteousness: good: work,do"
,Kadesh,,edf9,"Holy: person: thing: village: many,much: neighbor: house: near,close"
,Kadmonites,,efd1,East: direction: people
,Kalneh,,edfa,"Wall: village: many,much: neighbor: house: near,close"
,Karmi,,efd2,"Man: vine: small,few: up: tree,plant,wood"
,Kasluhites,,edc9,Save: very: straight: people
,Kedar,,eede,"Man: dark: no,not: light: eye,see: sun,day"
,Kedemah,,eedf,Man: east: direction
,Kedorlaomer,,edfb,"Man: grain,wheat"
,keep,,e099,very: have: hand: .
,Kemuel,,efd3,Man: gathered: thing
,Kenaz,,efd4,"Man: find: good: search: hand: eye,see"
,Kenites,,efd5,"Find: good: search: hand: eye,see: people"
,Keran,,eff9,Man: harp: string: box
,Kesed,,efd6,"Man: demon: bad: no,not: good: spirit: person"
,Keturah,,eee1,"Woman: nose,smell"
,key,,ea9d,"thing: open: no,not: closed"
,Kezib,,e1bf,"Far: no,not: near: village: many,much: neighbor: house: near,close"
,Kidron_Valley,,eba6,"black: moon,night: color: valley"
,kill,destruction destroy kill,e141,"knife,cut: person"
,kind,kindness kind_nice,e01c,
,king,lord king master ruler,e028,
,kingdom,,e02f,"King,lord,ruler,master: land,ground,earth,space"
,Kiriath_Arba,,efd7,"Four: village: many,much: neighbor: house: near,close"
,Kish,,eb49,man: catch: thing: net
,kiss,,e0e8,"mouth,said,speak,confession: face"
,Kittim,,edfc,"Man: break: knife,cut: all,whole"
,kneel,,e138,stay: person: straight: down
,knife,knife cut,e24e,
,knock,,eb8b,hand: door
,know,knowledge know,e062,
,Kohath,,efd8,"Man: obey: mouth,said,speak,confession: work,do"
,Korah,,ecf3,"Man: no,not: hair: face"
,Laban,,edfd,"Man: very: mouth,said,speak,confession"
,lake,,ec65,"small,few: water,wet"
,Lamech,,ec66,man: arm: big
,lamp,,e164,"sun,day: thing"
,lampstand,,e281,"sun,day: thing: table"
,land,ground earth land space,e153,
,language,,ea23,"mouth,said,speak,confession: country,nation: big: land,ground,earth,space"
,Laodicea,Laodicea Enaim,ebf9,"throne: king,lord,ruler,master: chair,sit: village: many,much: neighbor: house: near,close"
,Lasea,,ec16,"hair: face: village: many,much: neighbor: house: near,close"
,Lasha,,e1c0,"Fire: water,wet: village: many,much: neighbor: house: near,close"
,last,,e234,"end,finish"
,late,later late,e225,"no,not: now,immediately: very: time,when"
,Latin,,eba8,"very: knife,cut: tongue: mouth,said,speak.confession: clothing,fabric"
,laugh,laughter laugh,e224,"very: happy,joy: face"
,law,law commandment lawful,e22f,"book,learn,read: allow: mouth,said,speak,confession: king,lord,ruler,master"
,Lazarus,,ec67,"man: king,lord,ruler,master: mouth,said,speak,confession"
,lead,leader lead manage,e137,"Forward,to: person"
,leaf,,e0b3,"tree,plant,wood: thing"
,Leah,,efd9,"Woman: sick: sad,grieve: heart"
,lease,,e175,"house: money,wealth,wealthy"
,least,smallest least,e397,"very: small,few"
,leather,,e255,"clothing,fabric: animal"
,leave,depart come_out leave,e243,"door: forward,to"
,leaven,,e32d,"up: bread,loaf: mouth,said,speak,confession: grain,wheat"
,left,,e0f4,
,leg,,ebe0,person
,Legion,,e366,"man: most: very: many,much"
,Lehabites,,e1c1,"Fire,heat,hot: people"
,length,,ecc2,"Forward,to: stick"
,leopard,,ecf8,Soft: animal
,leprosy,,e382,"very: sad,grieve: heart"
,letter,,eb84,"small,few: book,read,learn"
,Letush,,eee2,tool: people
,Leummim,Leummim Leum,eee3,"Criticize: mouth,said,speak,confession: bad: no,not: good: people"
,Levi,,eb1b,"man: with: same,equal: people"
,Levi_Matthew,,e35c,"man: tax: king,lord,ruler,master: money,wealth,wealthy"
,Libia,Put_land Libya,eb73,
,lift,,e081,hand: up
,light,,e0c2,"eye,see: sun,day"
,lightning,,ea88,"storm: eye,see"
,linen,,ea20,
,Linus,,ecb0,"Man: clothing,fabric"
,lion,,ecb6,Hair: face: animal
,Lob,,e0ee,"Man: change,turn: go,journey,travel,trip"
,locust,,ecd4,Grass: insect
,Lois,,ecb7,"Woman: mouth,said,speak,confession: same,equals"
,looks_like,,ebcd,"Eye,see: same,equals"
,lost,,e089,"bad: no,not: good : search: hand: eye,see"
,Lot,,ebdc,Man: gathered: thing
,Lotan,,effb,Man: cover: straight: thing
,lots,lots lot,ea16,or
,loud,,ebe8,"very: ear,hear"
,love,love compassion,e01a,
,lower_adj,,e324,
,Lucius,,ec93,"man: another: person: after: thing: forward,to: teach,teaching: mouth,said,speak,confession: book,learn,read "
,Lud,,e1c2,"man: first: start,beginning: birth,born: person"
,Ludites,,e1ea,"Bad: no,not: good: land,ground,earth,space; people"
,Luke,,eb68,"man: light: eye,see: day,sun"
,lunatic,,e06d,"know,knowledge: wild: no,not: peace: sleep,rest,lie_down: love,compassion"
,lust,sensuality lust sexual_desire,e239,"bad: no,not: good: eye,see"
,Luz,,edfe,"Branch: tree,plant,wood: village:  many,much: neighbor: house: near,close"
,Lycanonia,,eb51,
,Lycia,,ec13,"dog: small,few: animal: village: many,much: neighbor: house: near,close"
,Lydda,,ec2e,"work: village: many,much: neighbor: house: near,close"
,Lydia,,eb50,"woman: fire,heat,hot"
,Lysanius,,ec40,
,Lysias,,ec37,"man: soldier: person: war,fight,battle: lead,leader: forward,to"
,Lystra,,eb44,"money,wealth,wealthy: village: many,much: neighbor: house: near,close"
,Maacah,,efda,Man: press: very: touch: thing: hand
,Maakah_woman,,e2d8,
,Maath,,ec4b,"man: time,when"
,Macedonia,,ec0d,"above,over: up: thing: land,ground,earth,space"
,Machir_man,,e2d1,"Man: forward,to: straight: money,wealth,wealthy"
,Machir_woman,,e2d2,"Woman: forward,to: straight; money,wealth,wealthy"
,Machpelah,,eee4,"repeat: village: many,much: neighbor: house: near,close"
,Madai,,edff,Man: measure
,Magadan,,ea30,"tower: land,ground,earth,space "
,Magdiel,,effc,"man: precious: very: money,wealth,wealthy"
,magician,,ec8a,"man: eye,see: deceive,deception,false,lead_astray,lie: bad: no,not: yes: measure"
,Magog_land,,ecf9,"More: up: many,much: land,ground,earth,space"
,Magog_man,,eea1,OT: man: house: good
,Mahalaleel,,ec68,
,Mahalath,,eea2,"Woman: sing,song: mouth,said,speak,confession: dance: walk: happy,joy"
,Mahanaim,,efdb,"Two: village: many,much: neighbor: house: near,close"
,make,make create,e076,hand: person
,Malchus,,ebb7,"man: kingdom: king,lord,ruler,master: land,ground,earth,space"
,Malkiel,,efcf,"Man: very: cold: no,not: fire,heat,hot"
,Malta,,ec19,"storm: island: water,wet: land,ground,earth,space"
,Mamre,,eea3,"Eye,see: land,ground,earth,space"
,man,,e000,
,Manaen,,eb40,man: soft
,Manahath,,e1c3,"Man: bed:  sleep,rest,lie_down: straight"
,Manasseh,,ea63,"man: no,not: know,knowledge"
,manna,,eba9,"soft: grain,wheat"
,many,much many,e198,
,Mark,,e371,"man: forgive: no,not: kill,destroy,destruction: knife,cut: person"
,market_place,,e02e,"money,wealth,wealthy: land,ground,earth,space"
,marrage,,e010,
,Martha,,ec69,"woman: authority: king,lord,ruler,master: mouth,said,speak,confession"
,Mary,Mary_Mother_of_Jesus Mary,e354,"woman: big: water,wet: ocean,sea"
,Mary_Magdalene,,e355,"woman: big: water,wet: ocean,sea"
,Masrekah,,effd,
,Massa,,eee5,"Man: patient,longsuffering,patience: time,when: pain,hurt: knife,cut: heart"
,Matred,,effe,Woman: repeat: thing
,Mattatha,,ec9c,"man: dry: no,not: water,wet: land,ground,earth,space"
,Matthan,,ea71,"man: king,lord,ruler,master: hand"
,Matthat,,ed12,"man: thing: bring,carry,take: hand"
,Matthathia,,ec9d,
,Matthew,Matthias Matthew,eb04,"Man: gift: hand: love,compassion"
,mature,ripe mature,e236,"end,finish: grow: up: land,ground,earth,space"
,me,me I,e166,
,Me_Zahab,,efff,"OT: man: silver: small,few: money,wealth,wealthy"
,meaning,,ecfa,"Book,read,learn: same,equals"
,measure,,e305,
,Medan,,eee7,"Man: people: war,battle,fight"
,Media,,eb70,"far: no,not: near: land,ground,earth,space"
,Megiddo,,ecfb,"Multitude,crowd: people: person: land,ground,earth,space"
,Mehetabel,,eff0,Woman: good
,Mehujael,,eea4,"Man: bad: no,not: good: lightning: storm: eye,see"
,Melchi,,ec45,"man: me,I: king,lord,ruler,master"
,Melchizedek,,ed05,"Man: king,lord,ruler,master: work,do"
,Melea,,ec6a,"man: person: love,compassion"
,member,,e174,house: people
,Menna,,ec6b,"man: hard: no,not: soft"
,Merari,,efdc,"Man: bitter: bad: no,not: good: tongue: mouth,said,speak,confession: clothing,fabric"
,mercy,,e01d,"love,compassion: bad: no,not: good: person"
,Mesha,,eea5,
,Meshack,,eea6,
,Mesopotamia,Mesopotamia Aram_Naharaim,eb72,"river,stream: land,ground,earth,space"
,messenger,,e136,"mouth,said,speak,confession: person"
,metal,,eb28,
,Methuselah,,ec6c,"man: send: hand: forward,to"
,Methushael,,eea7,Man: from
,Mibsam,,eee6,"Man: nose,smell"
,Mibzar,,e1c5,Man: small: house
,Michael,,ece1,"No,not: same,equals: spirit: person: king,lord,ruler,master"
,Midian_land,,eb0f,"War,fight,battle: land,ground,earth,space"
,Midian_man,,e1eb,"man: big: war,fight,battle"
,Miletus,,eb23,"sheep: soft: village: many,much: neighbor: house: near,close"
,milk,,eca3,"Very: small,few: person: cup,drink"
,Milkah,,eee8,"Woman: judge,judgment: king,lord,ruler,master: or"
,million,,ecd9,"Many,much: thousand"
,mind,think mind think_opinion think_wonder thought,e06c,"know,knowledge: head: face"
,miracle,,e095,"no,not: big: power,ability,can: knife,cut: work,do"
,Miriam,,e385,"Woman: ocean,sea: big: water,wet"
,mirror,,ebe6,"thing: eye,see: me,I"
,Mishma,,e1c6,"Man: obey: mouth,said,speak,confession: work,do"
,Mitylene,,eb21,"knife,cut: village: many,much: neighbor: house: near,close"
,Mizpah,,e2cf,"Watchtower: eye,see: tower: village: many,much: neighbor: house: near,close"
,Mizraim,,eea8,Man: slave: thing: person
,Mizzah,,e1c7,"Man: strong: hand: power,ability,can: big: knife,cut"
,Mnason,,eb26,"man: eye,see"
,Moab,,eea9,"Man: bad: no,not: good: seed: grain,wheat: small,few"
,mock,,ea12,"mouth,said,speak,confession: love,compassion: bad: no,not: good"
,Molech,,ec26,"King,lord,ruler,master: mute: mouth,said,speak,confession: no,not: thing"
,money,wealth money wealthy,e029,
,month,,e34c,"backward: land,ground,earth,space: forward,to: around: sun,day"
,moon,night moon,e272,
,more,,e199,"up: many,much"
,Moreh,,eeaa,"Teach,teaching: mouth,said,speak,confession: book,learn,read: land,ground,earth,space"
,Moriah,,efdd,"Choose: love,compassion: or: land,ground,earth,space"
,morning,,e163,"sun,day: straight"
,Moses,,e35b,man: lift: hand: up
,most,,e229,"very: many,much"
,mother,,e00b,"woman: love,compassion"
,Mount_of_Olives,,e351,"money,wealth,wealthy: water,wet: fruit: mountain"
,Mount_Sinai,,eb5c,thorn: mountain
,Mount_Zion,,ecf5,"Peace: sleep,rest,lie_down: love,compassion: mountain"
,mountain,,e306,
,mouth,mouth confession said speak,e03f,
,move,,e32f,direction: person
,Muppim,,efde,Man: whip
,murderer,,ea10,"person: kill,destroy,destruction: knife,cut"
,mustard,,e039,"cross: seed: grain,wheat: small,few"
,mute,,e050,"mouth,said,speak,confession: no,not"
,Myra,,ec28,"tree,plant,wood: village: many,much: neighbor: house: near,close"
,myrrh,,e245,"tree,plant,wood: good: nose,smell"
,Mysia,,eb4a,"end,finish: land,ground,earth,space"
,mystery,,e18b,"no,not: because,purpose,reason,therefore: know,knowledge: ?"
,Naamah,,eeab,Woman: sweet
,Naaman,,ec6d,"man: very: kind,kindness: love,compassion: good"
,Naggai,,ec4a,"man: correct,yes: good"
,Nahath,,e1c8,"Man: deaf: ear,hear: no,not: thing"
,Nahor,,ec6e,man: air
,Nahshon,,ea52,"man: prophesy: eye,see: forward,to"
,Nahum,,ec48,"man: prophet: person: prophesy: eye,see: forward,to"
,nail,,ebaa,metal: thorn
,Nain,,ea48,"beauty: good: eye,see: village: many,much: neighbor: house: near,close "
,name,,e04f,"mouth: me,I"
,Naphish,,eee9,"Man: breath,breathe: mouth,said,speak,confession: air"
,Naphtali,,ea40,"Man: war,fight,battle"
,Naphtuh,,eeac,"OT: man: open: no,not: closed"
,Narcius,,ebc9,man: flower
,Nathan,Nathaniel Nathan,ec6f,"man: give,for: gift: hand: love,compassion: forward,to"
,Nazareth,,e34e,"branch: tree,plant,wood: land,ground,earth,space: village: many,much: neighbor: house: near,close"
,near,near close,e300,
,Nebaioth,,eead,OT: man: animal
,neck,,e0d3,face
,need,need have_to,e07f,hand: very
,needle,,e078,hand: person
,Negev,,eeae,"Man: south: direction: land,ground:earth,space"
,neighbor,,e173,"house: near,close"
,Neopolis,,eb4e,"new: village: many,much: neighbor: house: near,close"
,Nereus,,ebca,"man: full: cup,drink"
,Neri,,ec70,"man: very: eye,see"
,net,,e307,
,new,,e308,
,Nicanor,,eb55,"man: war,fight,battle: king,lord,ruler,master"
,Nicodemus,,ebab,"man: know,knowledge: questioned,ask: mouth,said,speak,confession: ?"
,Nicolaus,,eb56,"Man: king,ruler,lord,master: war,fight,battle"
,Nicopolis,,ed08,"Hate,enmity: no,not: love,compassion: village: many,much: neighbor: house: near,close"
,Nile,,efdf,"Big: river,stream"
,Nimrod,,eeaf,"OT: man: no,not: work,do"
,nine,,e294,
,Ninevah,,e0c6,
,no,not no,e17c,
,Noah,,ea43,"man: sleep,rest,lie_down"
,Nod,,eeb1,"OT: very: trip,go,travel,journey: land,ground,earth,space"
,north,,ea74,direction
,nose,smell nose,e309,
,now,now immediately,e215,"very: time,when"
,NT_Jacob,,ea72,
,NT_Joseph,,ea73,
,number,,e0b7,
,Nympha,,ecea,Man: holy: person: thing
,Obal,,eeb2,"OT: man: no,not: clothing,fabric"
,Obed,,ea56,"man: work,do"
,obey,obey obedience,e04e,"mouth,said,speak,confession: work,do"
,ocean,sea ocean,e14d,"big: water,wet"
,offering,,e03a,"cross: money,wealth,wealthy"
,Ohad,,efe1,"Man: shout: big: mouth,said,speak,confession"
,Oholibamah_man,,e0ac,"Man: go,journey,travel,trip: house"
,Oholibamah_woman,,efe0,"Woman: go,journey,travel,trip: house"
,oil,,e030,"money,wealth,wealthy: water,wet"
,old,,e189,"no,not: new"
,olive,,eda1,"Money,wealth,wealthy: water,wet: fruit"
,Olympus,,ebcb,man: mountain
,Omar,,e1c9,"Man: very: many,much: mouth,said,speak,confession"
,on,on_top_of on,e113,thing
,On,,efe2,
,Onam,,e1ca,"Man: easy: happy,joy: face: work,do"
,Onan,,e1cb,"Man: very: strong: hand: power,ability,can: big: knife,cut"
,one,,e28c,
,Onesimus,Onesiphorus Onesimus,ecb8,"Man: profit: money,wealth,wealthy: many,much"
,open,,e18a,"no,not: closed"
,Ophir,,eeb3,"Man: ash: bad: no,not: good: air"
,or,,e106,
,other,that other,e184,"no,not: very: thing"
,out,outside out,e241,door: thing
,owe,,ea49,"money,wealth,wealthy: no,not: backward"
,own,,eced,Person: have: hand
,ox,,ea85,very: animal
,Paddan_Aram,,eeea,"Straight: country,nation: big: land,ground,earth,space"
,pain,pain hurt,e24f,"pain,hurt: knife,cut: heart"
,Pallu,,e1cc,"Man: amazed,amazing,great: big: praise,exalt,dignify,worship: mouth,said,speak.confession: good "
,Pamphilia,,eb6e,
,Paphos,,eb9f,"Fire,heat,hot: village: many,much: neighbor: house: near,close"
,paralyze,,e131,"person: no,not"
,Paran,,eeeb,"Peace: sleep,rest,lie_down: love,compassion: cave: hole: mountain: land,ground,earth,space  "
,Parmenas,,eb57,man: stand: up: straight: person
,part,some part,e29b,
,Parthia,,eb0a,"tongue: clothing,fabric: mouth,said,speak,confession: land,ground,earth,space"
,passion,,ebac,"big: desire,like,want,will: love,compassion: heart"
,Passover,,e20d,"Happy,joy: face: no,not: food,eat,meal: mouth,said,speak,confession: thing: destroy,kill,destruction: knife,cut: person"
,past,,e16d,"time,when: backward"
,pastor,,ecc3,Cross: shepherd:  sheep: soft: person
,Patara,,ec23,"bad: no,not: righteous,righteousness: good: work,do: village: many,much: neighbor: house: near,close"
,Pathrusites,,eeb4,South: direction: people
,patient,patience longsuffering patient,e16f,"time,when: pain,hurt: knife,cut: heart"
,Patmos,,ebf4,"Hard: soft: no,not: small,few: thing: island: water,wet: land,ground,earth,space"
,Patrobas,,ebcc,man: walk
,Pau,,efd0,"Mouth,said,speak,confession: sheep: soft: village: many,much: neighbor: house: near,close"
,Paul,,e377,"man: small,few"
,pavement,,ebad,"road: hard: soft: no,not"
,peace,,e123,"rest,sleep,lie_down: love,compassion"
,Peleg,,ec71,"man: knife,cut"
,pen,write pen,e29c,
,Peniel,,efe4,"Face: village: many,much: neighbor: house: near,close"
,Pentecost,Pentecost pentecost,ec81,"spirit: no,not: person: sun,day"
,people,,e127,person
,perceive,,e06a,"know,knowledge: eye,see"
,Perez,,ea4c,"man: very: go,travel,trip,journey"
,perfume,perfume fragrant,e097,"good: nose,smell"
,Perga,,eb47,"world: people: village: many,much: neighbor: house: near,close"
,Pergamum,,ebf6,"Hill: small,few: mountain: village: many,much: neighbor: house: near,close"
,period,,e37e,
,Perizzites,,eeb5,"Village: many,much: neighbor: house: near,close: people"
,persecution,persecution persecute tribulation,e03e,"cross: suffering: very: pain,hurt: knife,cut: heart"
,Persis,,ebce,"woman: divide,division,separate,split"
,person,,e11f,
,Phanuel,,ec3c,man: face
,Pharaoh,,ec94,"man: slave: thing: land,ground,earth,space: king,lord,ruler,master"
,Pharisee,,e383,"Bad: no,not: good: person: teach,teaching: mouth,said,speak,confession: book,read,learn"
,Phicol,,eeb6,"OT: man: shout:  big: mouth,said,speak,confession"
,Philemon,,ecf2,"Man: kiss: mouth,said,speak,confession: face"
,Philetus,,ecac,"Man: bad: no,not: good: teach,teaching: mouth,said,speak,confession: book,read,learn"
,Philidelphia,,ebf8,
,Philippi,,e347,"love,compassion: horse: village: many,much: neighbor: house: near,close"
,Philistia,,eeb7,"Dust: small,few: part,some; land,ground,earth,space"
,Phillip,,e361,
,Philologus,,ebcf,"man: word: book,learn,read: small,few"
,philosopher,,ec04,"person: because,purpose,reason,therefore: know,knowledge: ?"
,Phlegon,,ebd1,"man: anger,angry"
,Phoebe,,ebd2,"woman: moon,night"
,Phoenix,,ec29,"boat: village: many,much: neighbor: house: near,close"
,Phonecia,,e343,
,Phrygia,,eb76,"near: dry: no,not: water,wet: land,ground,earth,space"
,Phygelus,,ecb9,Man: run: walk: very
,pig,,e30a,
,pigeon,,e0b6,"bird: sacrifice: fire,heat,hot: gift: hand: love,compassion"
,Pilate,,e36f,"man: governor: small,few: king,lord,ruler,master"
,Pildash,,efe3,"Man: iron: hard: no,not: soft: metal"
,pillar,,eca8,"power,ability,can: Big: knife,cut: tower"
,pillow,pillow cushion,e26c,soft: head: face
,Pinon,,efc0,Man: metal
,Pishon,,eeb8,"Divide,division,separate,split: river,stream"
,Pisidia,,eb97,"sing,song: mouth,said,speak,confession: dance: walk: happy,joy: land,ground,earth,space"
,pitch,tar pitch,eeb9,"Dirty: water: bad: no,not: good: dirt,ground_soil,soil: land,ground,earth,space"
,plan,,e06b,"know,knowledge: pen,write"
,plate,platter plate,e386,big: bowl
,plow,,ec72,"knife: dirt,soil,ground_soil: land,ground,earth,space"
,pn,,ed11,
,Pontus,,eb75,"big: new: water,wet: land,ground,earth,space"
,poor,,ea3a,"no,not: money,wealth,wealthy"
,porch,,eb5e,"door: thing: room: house: part,some"
,Porcius,,ec38,man: pig
,possesive,pos *,e390,
,possible,,e098,"good: power,can,ability: big: knife,cut"
,Potiphar,,eeec,Man: cow
,Potiphera,,e1cd,"Man: sun,day: gift: hand: love,compassion"
,pour,,e0d6,"cup,drink"
,power,can ability power,e124,"big: knife,cut"
,praise,exalt dignify praise worship,e04b,"mouth,said,speak,confession: good"
,pray,prayer pray,e05e,"mouth,said,speak,confession: God: king,lord,ruler,master: man: love,compassion"
,preach,preaching preach,e04d,"teach,teaching: mouth,said,speak,confession: Bible: book,learn,read: cross"
,preacher,,e134,"person: teach,teaching: mouth,said,speak,confession: Bible: book,learn,read: cross"
,precious,,ea37,"very: money,wealth,wealthy"
,pregnant,,e0a5,"small,few: person"
,prepare,,e091,"before; backward: thing: work,do"
,press,,e228,very: touch: thing: hand
,pretend,,e094,"no,not: work,do: truth: good: measure"
,priest,,e03b,cross: person
,prince,,eb61,"king,lord,ruler,master: small,few"
,priority,order important priority,ebe7,"very: choose; love,compassion: or"
,Priscilla,,eb18,"Woman: wrong: no,not"
,prison,,e172,"house: chain,bound,imprisoned,arrest"
,prisoner,,e145,"person: chain,bound,imprisoned,arrest"
,Prochorus,,eb53,"man: sing,song: mouth,said,speak,confession: dance: walk: happy,joy"
,profit,,e035,"money,wealth,wealthy: many,much"
,promise,,e37a,"mouth,said,speak,confession: work,do"
,prophesy,,e23b,"eye,see: forward,to"
,prophet,,e135,"person: prophesy: eye,see: forward,to"
,prostitute,prostitute harlot,ecfc,"Dirty,impure: water: bad: no,not: good: woman"
,proverb,,ec73,"mouth,said,speak,confession: or"
,Ptolemais,,ec08,"love,compassion: war,fight,battle: village: many,much: neighbor: house: near,close"
,Puah_man,,e1d3,"Man: crooked: no,not: straight: person"
,Puah_woman,,e0dc,"Woman: child: small,few: person"
,Publius,,ec1a,"man: part,some"
,Pudens,,ecba,"Man: brave: no,not; afraid,fear,worry: mouth,said,speak,confession: heart"
,punishment,punishment punish,e1d0,"Whip: sin: bad: no,not: righteous,righteousness: good: work,do"
,purple,,e286,"king,lord,ruler,master: color"
,put,,e07e,
,Put_man,,eeba,"Man: small,few: dead,death,die: no,not: heart"
,Puteoli,,ec1e,"water,wet: village: many,much: neighbor: house: near,close"
,Pyrrhus,,eb1c,"man: fire,heat,hot: color"
,Quartus,,ebd3,man: four
,queen,,eb15,"woman: king,lord,ruler,master"
,questioned,questioned ask,e061,"mouth,said,speak,confession: ?"
,questionmark,,e316,
,quiet,silence quiet,e185,"mouth,said,speak,confession: no,not"
,Quirinius,,ec3b,"man: up: governor: small,few: king,lord,ruler,master"
,Raamah,,eebb,"Man: thunder: mouth,said,speak,confession: storm"
,Rachel,,ea41,woman: sheep: soft
,Rahab,,ea55,"woman: shout: big: mouth,said,speak,confession"
,rain,,ea3e,"cloud: soft: thing: water,wet"
,rainbow,,ecdc,"Day,sun: rain: cloud: soft: thing: water,wet"
,Ram,,ea50,"man: thing: happy,joy"
,Ramah,,ea42,"mountain: village: many,much: neighbor: house: near,close"
,Rameses,,efb4,"Slave: thing: person: part,some: land,ground,earth,space"
,Rebekah,,ebd4,"woman: tie,knot"
,rebuke,,e060,"mouth,said,speak,confession: stop: hand: end,finish"
,receive,receive gain,e1a3,"forward,to: gift: hand: love,compassion"
,reckon,credit counted reckon,ebc0,very: measure
,reconcile,,e026,"help: person: straight: love,compassion: friend"
,red,,e287,"hand: water,wet: blood: color"
,redeem,redemption redeem,e02c,"Money,wealth,wealthy: free,freedom: no,not: chain,bound,arrest,imprisoned"
,reed,,ea26,big: grass
,Rehoboam,,ea5a,man: up: big
,Rehoboth,,eebc,"Stretch: village: many,much: neighbor: house: near,close"
,religion,sect religion,ec33,"part,some: believe,faith: know,knowledge: cross"
,remember,,e0d8,"call: mouth,said,speak,confession: near,close: head: face"
,repeat,repeat continue times,e049,"mouth,said,speak,confession"
,repent,repentance repent,e320,"change,turn: heart"
,Rephaim,,eebd," heal: hand: health,healthy: happy,joy: face: heart: people"
,Resen,,eebe,"Horse: tie,knot: village: many,much: neighbor: house: near,close"
,result,,e237,"end,finish: because,reason,purpose,therefore: know,knowledge: ?"
,resurrect,resurrection resurrect,e329,"up: dead,death,die: no,not: heart"
,Reu,,ec74,"man: mouth,said,speak,confession"
,Reuben,,ecc0,"Man: first: start,beginning"
,Reuel,,e1ce,"Man: small,few: hair: face"
,Reumah,,efc4,Woman: up
,reward,,e02d,"good: money,wealth,wealthy: righteous,righteousness: work,do"
,Rhegium,,ec1d,"break: knife,cut: all,whole: village: many,much: neighbor: house: near,close"
,Rhesa,,ec75,"man: choose: love,compassion: or"
,Rhoda,,eb92,woman: flower
,Rhodes,,eb25,"flower: island: water,wet: land,ground,earth,space"
,rib,,eebf,Heart: bone
,right,,e0f3,
,right_time,,ed10,"command: mouth,said,speak,confession: !: time,when"
,righteous,righteousness righteous,e090,"good: work,do"
,ring,,ebdf,Around: finger: hand
,Riphath,,eec1,"OT: Man: no,not: sleep,rest,lie_down"
,river,stream river,e30b,
,road,road path way,e23c,
,robber,thief robber,e0e9,"person: hand: bad: no,not: good"
,rock,,e26a,"hard: soft: no,not: thing"
,Rome,,eb16,"strong: hand: power,ability,can: big: knife,cut: village: many,much: neighbor: house: near,close"
,room,,eb06,"house: part,some"
,rooster,,e25d,"bird: sun,day"
,root,,e15c,"land,ground,earth,space"
,Rosh,,e1d2,"Man: small,few: head: face"
,rough,,ec99,"many,much: bad: no,not: smooth: good: straight"
,Rufus,,e36e,"man: blood: red: hand: water,wet: color"
,run,,e258,walk: very
,Ruth,,ea57,"woman: friend: person: love,compassion"
,Sabbath,,e160,"Sun: sleep,rest,lie_down"
,Sabtah,,eec2,"OT: man: very: afraid,fear,worry: mouth,said,speak,confession: heart"
,Sabteka,,eec3,"OT: man: small,few: afraid,fear,worry: mouth,said,speak,confession: heart"
,sacrifice,,e0b5,"fire,heat,hot: gift: hand: love,compassion"
,sad,sad grieve,e207,
,Sadducee,,ea03,"Person: mute: mouth,said,speak,confession: no,not: up"
,sail,,e267,boat
,Salamis,,ebe1,"Water,wet: up: village: many,much: neighbor: house: near,close"
,Salathiel,,ec76,"man: because,purpose,reason,therefore: know,knowledge:?"
,Salim,,ebae,"peace: love,compassion; rest,lie_down,sleep: small,few: village: many,much: neighbor: house: near,close"
,Salmon,,ea53,"man: peace: sleep,rest,lie_down: love,compassion"
,Salmone,,ec15,"clothing,fabric: hill: small,few: mountain"
,Salome,,e379,"woman: peace: sleep,rest,lie_down: love,compassion"
,salt,,e046,"mouth,said,speak,confession: ."
,salvation,,eb80,"God: king,lord,ruler,master: man: love,compassion: save,rescue: very: help: straight: people"
,Samaria,,ea83,"watchtower: eye,see: tower: land,ground,earth,space"
,Samariton,,ea7b,
,same,same equal,e24b,
,Samlah,,efb0,OT: man: clothing.fabric
,Samos,,ec25,"up: island: water,wet: land,ground,earth,space"
,Samothrace,,eb4c,"clothing,fabric: island: water,wet: land,ground,earth,space"
,Samson,,ed06,"Man: small,few: day,sun"
,Samuel,,eb8e,"man: ear,hear: God: king,lord,ruler,master: love,compassion"
,sanctuary,,eb01,"holy: person: thing: land,ground,earth,space"
,sand,,ecfd,"Dry: no,not: water,wet: dirt,soil,ground_soil: land,ground,earth,space"
,Sapphira,,eb66,woman: face
,Sarah,,ebd5,"woman: prince: king,lord,ruler,master: small,few"
,Sarai,,eec4,"OT: woman: small,few: war,fight,battle"
,Sardis,,ebf7,"Sheep: soft: village: many,much: neighbor:  house: near,close"
,Satan,Satan Beelzebul,e335,"big: bad: no,not: good: spirit: person"
,Saul,,eb54,"man: ask,questioned: mouth,said,speak,confession: ?"
,save,save rescue,e214,very: help: straight: people
,savior,,ec85,"person: save,rescue: very: help: straight: people"
,scatter,,ea34,"backward: up: forward,to: hand"
,Sceva,,eb19,man: left
,scorpion,,ec77,"knife,cut: insect"
,Scythia,,eceb,"Hate,enmity: love,compassion: no,not: land,ground,earth,space"
,Sea_of_Galilee,,e350,"ocean,sea: big: water,wet: house: cross"
,Sea_of_Reeds,,eb0c,"ocean,sea: big: water,wet: tree,plant,wood"
,Sea_of_Tiberias,,ebaf,"river,stream: ocean,sea: big: water,wet"
,sealed,sealed seal,e221,very: closed
,search,,e074,"hand: eye,see"
,Seba,,eec5,"OT: man: old: no,not: new"
,secret,whisper secret,e186,"quiet,silence: mouth,said,speak,confession: no,not: ear,hear"
,Secundus,,eb1d,man: two
,seed,,e27a,"grain,wheat: small,few"
,Seir,,eec6,"Tree,plant,wood: mountain"
,Seleucia,,eb42,"light: eye,see: sun,day: village: many,much: neighbor: house: near,close"
,self,,ea95,"very: me,I"
,sell,,e32b,"backward: money,wealth,wealthy"
,Semien,,ec9e,man: very: have: hand: .
,send,,e075,"hand: forward,to"
,Sephar,,eec7,"Census: person: book,learn,read: number: land,ground,earth,space"
,Serah,,e1d4,"Woman: very: clean: water,wet: good"
,Sered,,edd1,Man: very: whip
,Sergius,,eb45,man: world: people
,Serug,,ec78,"man: branch: tree,plant,wood"
,servant,servant deacon,e12d,"person: serve: love,compassion: work,do"
,serve,,e08e,"love,compassion: work,do"
,Seth,,ec79,"man: call,beckon: mouth,said,speak,confession: near,close"
,seven,,e292,
,sew,,e077,hand: person: needle
,sex,,ea87,"near,close: person"
,shade,,e079,"hand: sun,day"
,shake,,e27d,
,shame,shame humiliate,e065,"know,knowledge: bad: no,not: good: me,I"
,Shammah,,efa0,Man: road
,share,,e07a,"hand: friend: person: love,compassion"
,Sharon,,ec2b,"Straight: land,ground,earth,space"
,sharp,,ebf3,"Knife,cut"
,Shaul,,e1d5,"OT: man: small,few"
,shave,,eb27,"very: knife,cut: hair: face"
,Shaveh_Kiriathai,,eec8,
,Shealtiel,,ea68,"man: ask,questioned: mouth,said,speak,confession: ?"
,Sheba,,eec9,Man: truth: good: measure
,Shechem_city,,ec95,"Under: thing: neck: face: village: many,much: neighbor: house: near,close"
,Shechem_man,,ec97,Man: under: neck: face
,sheep,,e270,soft
,Shelah,,ec7a,"man: peace: sleep,rest,lie_down: love,compassion"
,Sheleph,,eeca,Man: bring: hand: thing
,Shem,,ec7b,"man: name: mouth,said,speak,confession: me,I"
,Shemeber,,eecb,Man: wing: bird
,Sheol,,e0c9,"house: no,not: God: king,lord,ruler,master: man: love,compassion"
,shepherd,,e271,sheep: soft: person
,Shepho,,e1d6,"Man: small,few: hair: face"
,Shibah,,e1d7,"Well: water,wet: hole: seven"
,shield,,e388,
,Shillem,,edd5,"Man: avenge: backward: hand: same,equals"
,Shiloh,,e1d8,"Peace: sleep,rest,lie_down: love,compassion: village: many,much: neighbor: house: near,close"
,Shimron,,efe7,"Man: guard: eye,see: sword"
,Shinab,,eecc,"Man: teeth: mouth,said,speak,confession: bone"
,Shinar,,eecd,"Teeth: mouth,said,speak,confession: bone: village: many,much: neighbor: house: near,close"
,Shobal,,e1d9,"Man: sundown: sun,day: down"
,shoe,,e12e,person: thing
,shoulder,,e132,Arm: person
,shout,,e149,"big: mouth,said,speak,confession"
,show,reveal appear show,e162,"sun,day: eye,see"
,Shua,,e1e7,"OT: man: money,wealth,wealthy"
,Shuah,,eeee,"Man: money,wealth,wealthy"
,Shuni,,e0e0,"Man: secret,whisper: quiet,silence: no,not: mouth,said,speak,confession: ear,hear"
,Shur,,e1da,"Sundown: sun,day: down: land,ground,earth,space"
,sick,sick disease,e20a,"sad,grieve: heart"
,Siddim,,eece,Straight: valley
,side,,e10d,thing
,Sidon_city,,e33c,"Fish: village: many,much: neighbor: house: near,close"
,Sidon_person,,eecf,
,sigh,,e047,"mouth,said,speak,confession: air"
,sign,,e0a9,"eye,see: thing: mouth,said,speak,confession"
,Silas,,eb41,"man: tree,plant,wood"
,Siloam_city,,ebb1,
,Silvanus,,eca9,"Man: small,few: money,wealth,wealthy"
,silver,,eb2b,"small,few: money,wealth,wealthy"
,Simon,Simon Simeon,ea47,"man: ear,hear"
,Simon_Jesus_Brother,,ea92,
,Simon_of_Cyrene,,e37c,"man: ear,hear"
,Simon_the_Canaanite,,e364,"man: ear,hear"
,SimonPeter,Simon_Peter Cephas,e356,
,SimontheLeper,,e0f8,
,sin,sin lawlessness sinful unrighteous unrighteousness,e08f,"bad: no,not: righteous,righteousness: good: work,do"
,sing,sing Psalm song,e0e2,"mouth,said,speak,confession: dance: walk: happy,joy: face"
,Sinites,,eed1,"Water,wet: land,ground,earth,space: people"
,sinner,,e151,"bad: no,not: good: righteous,righteousness: person: work,do"
,sister,,e00e,"woman: small,few: love,compassion"
,sisters,,e00f,"woman: small,few: love,compassion"
,Sitnah,,eed2,"Hate: no,not: love,compassion: well: water,wet: hole"
,six,,e291,
,skull,,e20f,face
,sky,,ec8b,"above,over: up: thing: land,ground,earth,space"
,slave,,e10e,thing: person
,sleep,rest lie_down sleep,e121,
,slow,,e19c,"small,few: forward,to"
,small,small few,e19b,
,smaller,,e32e,"up: many,much: small,few"
,smoke,,ec03,"soft: fire,hot,heat"
,smooth,,ec9a,"many,much: good: straight"
,Smyrna,,ebf5,"Backward: money,wealth,wealthy: village: many,much: neighbor: house: near,close"
,snake,,e30c,
,snow,,ebfb,"White: no,not: color: rain: cloud: soft: thing: water,wet"
,Sodom,,ea8e,"fire,hot,heat: village: many,much: neighbor: house: near,close"
,soft,,e268,
,soldier,,e12f,"person: war,fight,battle"
,Solomon,,ea32,"man: wisdom,wise: know,knowledge: or"
,son,,e004,"small,few: man: love,compassion"
,Son_of_MAN,,e352,
,sons,,e005,"small,few: man: love,compassion"
,Sopater,Sosipater Sopater,ec20,"man: go,travel,trip,journey: with: same,equal: people"
,sorcery,,ec8c,"no,not: help: straight: people: God: king,lord,ruler,master: man: love,compassion"
,Sosthenes,,eb3c,"man: king,lord,ruler,master: Bible,Scripture,Word_of_God: book,learn,read: cross: building: synagogue"
,soul,,e10f,thing: person
,sound,sound noise,ebe9,"ear,hear: thing"
,south,,ea31,direction
,sow,to_plant sow,e07d,"hand: seed: grain,wheat: small,few"
,sower,sower farmer,e133,"person: sow: hand: seed: grain,wheat: small,few"
,Spain,,ebd6,"east: direction: land,ground,earth,space"
,spice,,ecfe,"Good: taste: mouth,said,speak,confession: clothing,fabric"
,spirit,,e187,"no,not: person"
,spit,,e048,"mouth,said,speak,confession: forward,to: water,wet"
,sponge,,ea18,"soft: cup,drink"
,spot,spot blemish,ed01,
,spy,,ed07,"Eye,see: mute: mouth,said,speak,confession: no,not: person"
,Stachys,,ebd7,"man: part,some: grain,wheat"
,staff,,e14c,person: stick
,stair,stair level,e0d9,
,stand,,e32c,up: straight: person
,star,,e0c3,
,start,start beginning,e231,
,stay,stay remain,e83b,person: straight
,steal,,e07b,"hand: thing: no,not: you"
,stem,,ea01,"tree,plant,wood"
,Stephanas,,ebea,"woman: very: king,lord,ruler,master"
,Stephen,,eb6b,"man: king,lord,ruler,master"
,stern,,e266,boat
,stewardship,,e07c,"hand: money,wealth,wealthy"
,stick,,e398,
,Stoic,,ec06,"person: sad,grieve: because,purpose,reason,therefore: know,knowledge: ?"
,stomach,,e0c8,"mouth,said,speak,confession: thing"
,stop,,e073,"hand: end,finish"
,storehouse,,ec43,"house: eat,food,meal: mouth,said,speak,confession: thing"
,storm,,e27c,
,story,news message parable report story,e22d,"story: book,read,learn: mouth,said,speak,confession"
,straight,,e313,
,stranger,,e069,"know,knowledge: spirit: no,not: person"
,strangled,,eb33,"kill,destroy,destruction: knife,cut: person: no,not: blood: hand: water,wet"
,stretch,,e31c,
,string,,ecc7,
,strong,,e08a,"hand: power,can,ability: big: knife,cut"
,stumble,,e257,"walk: bad: no,not: good"
,stumbling_block,,ea27,"walk: bad: no,not: good: thing"
,suffering,suffering suffer,e222,"very: pain,hurt: knife,cut: heart"
,Sukkoth,,e0a0,
,summer,,e0c4,"time,when: fire,heat,hot"
,sun,sun day,e15f,
,sundown,,e161,"sun,day: down"
,Susanna,,ec7c,woman: good: flower
,sweet,,e30d,
,sword,,e282,
,synagogue,,e0b9,"book,read,learn: cross: Bible,Scripture,Word_of_God: building"
,Syntyche,,ece6,"Woman: happy,joy: face"
,Syracuse,,ec1c,"water,wet: good: village: many,much: neighbor: house: near,close"
,Syria,Syria Aram,e342,"sun,day: land,ground,earth,space"
,table,,e280,
,Tahash,,e1db,Man: animal: out: door: thing
,tail,,ecd6,Animal
,Tamar,,ea4e,woman: fruit
,Tarshish_person,,eed3,
,Tarshish_village,,eed4,"Poor: no,not: money,wealth,wealthy: village: many,much: neighborhood: house: near,close"
,Tarsus,,ec30,"basket: small,few: net: village: many,much: neighbor: house: near,close"
,taste,,ea07,"tongue: mouth,said,speak,confession: clothing,fabric: ."
,tax,,e02b,"king,lord,ruler,master: money,wealth,wealthy"
,tax_collector,,e12a,"person: king,lord,ruler,master: money,wealth,wealthy"
,teach,teaching teach,e04c,"mouth,said,speak,confession: book,read,learn"
,teacher,,e12b,"person: mouth,said,speak,confession: book,read,learn"
,Tebah,,e0b0,"Man: believe,faith: know,knowledge: cross"
,teeth,,e0b1,"mouth,said,speak,confession: bone"
,Tema,,eeed,Man: south: direction
,Teman_land,,e1e1,"Land,ground,earth,space: man: color: "
,Teman_man,,ef90,"Man: color: land,ground,earth,space"
,temple,,e03d,cross: building
,tempt,temptation tempt,e183,"bad: no,not: good: desire,like,want: love,compassion: heart"
,ten,,e295,
,tent,tent tabernacle,eb32,"go,travel,trip,journey: building"
,Terah,,ec7d,man: goat: sheep: bone: soft
,Tertius,,ebee,Man: three
,Tertullus,,eb9b,"man: know,knowledge: deceive,deception.false,lead_astray,lie: bad: no,not: good: measure"
,test,,ec21,"questioned,ask: mouth,said,speak,confession: ?: or"
,testamony,witness testimony,e22e,
,Thaddaeus,,e37b,man: soft: heart
,Theophilus,,eb67,"man: friend: person: love,compassion"
,Thessalonica,,eb12,"prevail,triumph,victory: king,lord,ruler,master: war,fight,battle: village: many,much: neighbor: house: near,close"
,Theudas,,eb71,"man: deceive,deception,false,lead_astray,lie: bad: no,not: good: measure"
,they,they them,e125,person: people
,thigh,,ed0d,Person
,thing,,e105,
,thirst,thirsty thirst,eccf,"Love,compassion: cup,drink"
,this,,e226,very: thing
,Thomas,,e363,"man: same,equal"
,thorn,,e27b,
,thousand,,e296,
,three,,e28e,
,threshing,,ea39,"divide,division,separate,split: grain,wheat"
,threshingfloor,,ec42,
,throne,,ec84,"king,lord,ruler,master: chair,sit"
,through,through pass,e10b,"thing: forward,to"
,throw,,e327,
,thunder,,e044,"mouth,said,speak,confession: storm"
,Thyatira,,eb52,"nose,smell: village: many,much: neighbor: house: near,close"
,Tiberias_city,,ebb0,
,Tiberius_man,,ec3d,
,Tidal,,eed5,Man: throw
,tie,tie knot,e30e,
,Tigris,,eed6,"Fast_speed: very: forward,to: river,stream"
,Timaeus,,e36c,"man: love compassion: blind: no,not: eye,see"
,time,when time,e16a,
,Timna_man,,e0ad,"Man: very: far: no,not: near,close"
,Timna_woman,,ef80,"Woman: far: no,not: near,close"
,Timnah,,e1dc,"Crooked: no,not: straight: land,ground,earth,space"
,Timon,,ec96,"man: worth: good: money,wealth,wealthy"
,Timothy,,ec02,"man: honor: king,lord,ruler,master: sword"
,Tiras,,eed7,Man: have_to: hand; very
,tithe,,ed0f,"Part,some: ten"
,Titue,,eb38,
,toe,,e2c8,"Foot: person: part,some"
,Togarmah,,eed8,Man: bone
,together_people,together_people gathered_people,e126,
,Tola,,e0c0,"Man; worm: small,few: snake"
,tomb,tomb grave,e178,"house: dead,death,die: no,not: heart"
,tongue,,e045,"mouth,said,speak,confession: clothing,fabric"
,tool,,eb34,
,touch,,e10c,thing: hand
,tower,,e30f,
,Trachonitus,,ec3f,
,transfiguration,transfigure transfiguration,e31f,"Change,turn: person: eye,see"
,tree,tree plant wood,e244,
,tribe,,ea81,"big: family: house: love,compassion"
,Troas,,ec0b,"animal: village: many,much: neighbor: house: near,close"
,Trophimus,,eb1e,"man: book read,learn"
,trouble,,e333,"heart: bad: no,not: good"
,true,truth TRUE,e09c,
,trumpet,,ea79,"big: thing: mouth,said,speak,confession"
,trust,,e023,"love,compassion: truth: good: measure"
,try,,eb94,"small,few: work,do"
,Tryphaena,,ebd8,"woman: no,not: power,ability,can: big: knife,cut"
,Tryphosa,,ebd9,"woman: no,not: pain,hurt: knife,cut: heart"
,Tubal,,eed9,Man: thing
,Tubal_Cain,,eeef,Man: thing: thing
,twin,,ec1b,"man: love,compassion: same,equal: small,few"
,two,,e28d,
,Tychicus,,ecbb,"Man: better: good: many,much"
,type,type kind_same,ed00,"Part,some: same,equal"
,Tyrannus,,eb3f,"man: bad: no,not: good"
,Tyre,,e33b,"pain,hurt: knife,cut: heart: village: many,much: neighbor: house: near,close"
,under,,e10a,thing: .
,understand,understanding understand,e063,"know,knowledge: very"
,unity,,e297,one
,unleavened,,e043,"mouth,said,speak,confession: grain,wheat: down"
,untie,,e37f,"no,not: tie,knot"
,until,,e16c,"forward,to: time,when"
,up,,e315,
,Ur,,efa5,"Old: dry: no,not: water,wet: land,ground,earth,space"
,Urbanus,,ebda,"man: country,nation: big: land,ground,earth,space"
,Uriah,,ea46,"man: war,fight,battle: light: eye,see: sun,day"
,us,we us,e167,"me,I"
,use,useful use,e08d,"thing: work,do"
,Uz_land,,e1dd,"Land,ground,earth,space: man: small,few: know,knowledge"
,Uz_man,,eef1,"Man: small,few: know,knowledge"
,Uzal,,eef2,"Man: no,not: direction"
,Uzziah,,ea5f,"man: child: small,few: person"
,valley,,eba7,
,vendor,,e0b4,"person: backward: money,wealth,wealthy"
,very,,e211,
,victory,triumph prevail victory,eb14,"king,lord,ruler,master: war,fight,battle"
,village,,e19a,"many,much: neighbor: house: near,close"
,vine,,ec91,"small,few: up: tree,plant,wood"
,vineyard,,e27f,"fruit: land,ground,earth,space"
,virgin,,ea7e,"pure,clean: water,wet: good: woman"
,voice,,e042,"mouth,said,speak,confession: ear,hear"
,waist,,e391,person
,wait,,ea11,"stay: person: straight: time,when"
,walk,,e256,
,wall,,e288,
,war,fight battle war,e283,
,wash,,e08b,"hand: pure,clean: water,wet: good"
,watchman,,e0a8,"eye,see: man"
,watchtower,,e23a,"eye,see: tower"
,water,wet water,e247,
,wave,,e328,"forward,to: water,wet"
,weak,,ea24,"no,not: strong: hand: power,can,ability: big: knife,cut"
,weary,,ebfe,"Very: no,not; sleep,rest,lie_down"
,wedding,,e011,"start,beginning: love,compassion: man: woman"
,week,,ebb2,"seven: sun,day"
,weigh,weight weigh,e0e6,hand: measure
,well,,ebb3,"water,wet: hole"
,west,,ea89,direction
,what,,e109,"thing: questioned,ask: mouth,said,speak,confession: ?"
,where,,e15a,"land,ground,earth,space: questioned,ask: mouth,said,speak,confession: ?"
,whip,,e310,
,white,,e285,"no,not: color"
,who,,e1a1,"person: questioned,ask: mouth,said,speak,confession: ?"
,why,,e067,"because,purpose,reason,therefore: know,knowledge: questioned,ask: mouth,said,speak,confession: ?"
,wide,,ecc4,Stretch: measure
,widow,,e016,"woman: love,compassion: no,not"
,wife,,e014,"woman: love,compassion"
,wild,,e17e,"no,not: peace: sleep,rest,lie down: love,compassion"
,wilderness,wilderness desert,e156,"land,ground,earth,space: no,not: tree,plant,wood"
,wind,,e220,"very: forward,to: air"
,window,,e311,
,wine,,e275,"cup,drink: fruit"
,wing,wings wing,eb7d,bird
,winnowingfork,,ec41,
,winter,,e16b,"time,when: cold: no,not: fire,heat,hot"
,wisdom,wise wisdom,e064,"know,knowledge: or"
,with,,e24c,"people: same,equal"
,woman,,e008,
,wool,,ebfa,"Sheep: clothing,fabric"
,word,,ebb4,"book,learn,read: small,few"
,Word,,ebb8,"king,lord,ruler,master: Bible,Scripture,Word_of_God: book,learn,read: cross"
,work,work do,e08c,
,world,,e129,people
,worm,,ea06,"small,few: snake"
,Wormwood,,ecd3,"Bad: no,not: good: tongue: mouth,said,speak,confession: clothing,fabric: tree,plant,wood"
,worse,,e182,"bad: no,not: good: many,much"
,worth,worth value worthy,e09b,"good: money,wealth,wealthy"
,wrap,,ea19,thing
,wrath_of_God,,e02a,"king,ruler,lord,master: anger,angry"
,writer,scribe author writer,e12c,"person: pen,write"
,wrong,,ea02,"no,not"
,Yahweh,,e0c7,"king,ruler,lord,master: man"
,year,,e15e,"land,ground,earth,space: around: sun,day"
,yellow,,ecdb,"sun,day: color"
,yoke,,eb09,animal: tool
,you,,e314,
,young,,e0f1,"small,few: time,when"
,Zaavan,,ef70,"Man: loud: very: ear,hear"
,Zacchaeus,,ec7e,"man: clean,pure: water,wet: good"
,Zadok,,ea6d,"man: difficult: sad,grieve: work,do"
,Zarephath,,ec7f,"metal: village: many,much: neighbor: house: near,close"
,Zebedee,,e359,"man: father: love,compassion"
,Zeboyim,,eef3,"People: war,fight,battle: village: many,much: neighborhood: house: near,close"
,Zebulun,,ea3f,man: house
,Zechariah,,ea98,man: head: face
,Zemarites,,eef4,Sheep: sheep: soft: people
,Zenas,,ed09,"Man: lightning: storm: eye,see"
,Zepho,,e1de,"Man: watchtower: eye,see: tower "
,Zephon,,e0d0,"Man: future: time,when: forward,to"
,Zerah,,ea4d,"man: bright: very: sun,day"
,zero,,e28b,
,Zerubbabel,,ea69,"man: seed: grain,wheat: small,few"
,Zeus,,eb2d,"thunder: mouth,said,speak,confession: storm: spirit: no,not: person"
,Zibeon,,ef60,Man: color
,Zillah,,eef5,"Woman: shade: hand: sun,day"
,Zilpah,,efa6,Woman: very: straight: descend
,Zimran,,e1df,"Man: harvester: person: harvest: hand: grain,wheat"
,Zoar,,eef6,"Least: very: small,few: village: many,much: neighborhood: house: near,close"
,Zohar,,efa7,Man: white: no: color
,Zuzites,,eef7,"Argument: mouth,said,speak,confession: wild: no,not: peace: sleep,rest,lie_down: love,compassion: people"
